fecha,tarea,corrida,commit_artefacto,commit_revision,ficheros,lineas_artefacto,lineas_anadidas,lineas_quitadas,ficheros_tocados,ficheros_sin_tocar,nota
2026-08-09,MSG-01,corrida-03,a31dfe3,ccdbeed,4,695,171,145,4,0,escalado 3/3
2026-08-10,SRCH-01,corrida-01,3ead525,-,6,1076,0,0,0,6,"escalado 3/3 · sustituida por la corrida 2, sin revision"
2026-08-10,SRCH-01,corrida-02,548d7b8,9608eae,6,1089,64,13,3,3,escalado 3/3
2026-08-11,MSG-02,corrida-01,2585caf,c34d473,8,1294,68,55,2,6,escalado 3/3
2026-08-12,VND-01,bucle-roto,9682dd3,94e0579,4,652,39,4,2,2,escalado 3/3 · bucle F-064 sin arreglar
2026-08-12,VND-01,bucle-arreglado,8e8beae,-,4,629,0,0,0,4,VERDE en 2 · mismo task y contrato que la de arriba
2026-08-12,LOGIN-01,corrida-01,cf74fab,ab1844b,2,241,8,2,1,1,VERDE en 1
2026-09-21,FORO-02,primera-corrida,64f8b90,de20c33+9850b89,2,641,16,77,2,0,"PASA 4/4 al primer intento · C5 dado el 21-sep · F-172 (estandar de buscador, decision del PO, +11/-77) y F-186 (scroll, +5/-0) cuentan como correccion por decision del PO · NO cuenta 21b3d53 (cableado de la navegacion a FORO-03, +12/-11)"
2026-09-21,FORO-03,primera-corrida,c6414ac,9850b89,2,752,6,0,1,1,"escalado 3/3 por el contrato de aceptacion (F-174) no por el artefacto · no cuenta para la cifra 2 (decision del PO, 21-sep) · C5 dado el 21-sep · F-186 (scroll, +6/-0 en ForumThread.module.css)"
2026-09-20,ADMIN-02,brazo-deepseek,993db73,-,8,1594,0,0,0,8,"escalado 3/3 por el contrato de aceptacion (F-183) no por el artefacto: cero lineas tocadas y 15/15 de e2e tras corregir el test · C5 dado por el PO el 21-sep («aprobada total») · la escalada no cuenta para la cifra 2 (decisión del PO, 21-sep; UMBRAL §5.3)"
2026-09-20,ADMIN-02,brazo-atria,0cb4fa7,-,8,1541,0,0,0,8,VERDE en 2 · experimento de dos brazos: no se fusiona · contrato de aceptacion ya corregido (F-183) a diferencia del brazo deepseek
2026-09-24,SRCH-03,corrida-03,ccbf187,-,8,1279,0,0,0,8,"VERDE en 2 intentos (intento 1: C1 y C2 rojos) · 0 lineas tocadas · corridas 01 (F-193 entorno) y 02 (F-194 contrato) escaladas por causas ajenas al Coder y NO cuentan para la cifra 2 · coste de la corrida valida 0.085 USD; con las dos invalidas 0.318 USD · el Coder cumplio por si solo la restriccion de scroll propio (F-198) · C5 DADA por el PO el 25-sep (todo perfecto)"
2026-09-24,INV-07,corrida-04,3415b2f,HEAD,4,943,76,28,4,0,"VERDE en 2 intentos (intento 1: C2 rojo) · TOCADAS +76/-28 (8 %) en los 4 ficheros para alinear con el diseño aprobado tras la revision del PO: fila geografica (F-209), boton que se encogia al guardar, tamaños de letra, tarjetas con titulo y lista completa de paises (F-210) · el desplegable de d02f3fb se revirtio por orden del PO (F-206): la revision del PO del 24-sep cambio el desplegable a mano (d02f3fb, +72/-22) y el PO pidio REVERTIRLO (sin cambios esteticos), asi que el frontend final es el del Coder tal cual (F-206) · antes de la revision: 0 lineas · corridas 01 a 03 escaladas por causas ajenas al artefacto (F-199 regex de scroll rota por el heredoc, F-200 contrato/e2e fragil y un error de tipos real del Coder en el intento 3 de la 03) y NO cuentan para la cifra 2 · coste de la valida 0.076 USD; con las cuatro 0.622 USD · cifras 7 y 8 NO limpias (F-205) · C5 DADA por el PO el 25-sep (todo perfecto)"
2026-09-24,SRCH-02,corrida-01,d29d791,-,4,732,0,0,0,4,"VERDE AL PRIMER INTENTO · 0 lineas tocadas · una sola corrida, sin invalidas · coste 0.043 USD · cifras 7 y 8 NO limpias (F-205) · C5 DADA por el PO el 25-sep (todo perfecto)"
2026-09-28,REG-00,corrida-02,f435a62,5b32322,2,421,10,3,2,0,"VERDE en 2 intentos (intento 1: C1 rojo por maxLength en un select, C3 por un #ffffff) · TOCADAS +10/-3 (2 %) en los 2 ficheros: el logo usaba --bw-h-logo-height, un token que no existe (se pintaba a 407 px, el alto natural de la imagen; ningun check lo mide), y faltaba aria-describedby del campo a su error (lo pedia la tarea; el contrato no lo media) · corrida 01 ESCALADA por dos e2e ajenos contra produccion (F-224) y NO cuenta para la cifra 2 · coste de la valida 0.017 USD; con la invalida 0.249 USD (el intento 3 de la 01 genero 136 044 tokens persiguiendo fallos ajenos) · cifras 7 y 8 NO limpias (comparte sesion con REG-00-WAIT) · C5 DADA por el PO el 29-sep con UN defecto: el telefono debia rellenarse con el prefijo del pais elegido y ser editable; corregido a mano despues de la C5 en 3abc4c3 (+11/-1 en AccessRequest.tsx y la tabla de prefijos en la capa de datos), fuera de la cifra 4 porque es una peticion nueva, no un error del artefacto"
2026-09-28,REG-00-WAIT,corrida-02,8352c82,-,2,488,0,0,0,2,"VERDE AL PRIMER INTENTO · 0 lineas tocadas (revisado a mano contra el HTML: tamaños 10/22/13/10/13/10/11/13/12/14 px y los 35 var(--bw-*) distintos existen en tokens.css) · corrida 01 ESCALADA con el artefacto verde por e2e ajenos inestables contra produccion (F-225) y NO cuenta para la cifra 2 · coste de la valida 0.016 USD; con la invalida 0.071 USD · cifras 7 y 8 NO limpias · C5 DADA por el PO el 29-sep, sin cambios"
2026-09-29,REG-01,corrida-01,751b945,857b46a,2,1342,60,3,2,0,"VERDE AL PRIMER INTENTO · coste 0.064 USD · 2.1 min · 37030 tokens de entrada y 36433 de salida · TOCADAS +60/-3 (4.5 %) en los 2 ficheros: la comparacion visual contra el HTML aprobado (captura real contra captura del aprobado, hecha por un subagente) echo en falta el resalte azul de la opcion marcada en los radios y en los terminos (.radio-opt.on y .chk-field.on) · la tarjeta sin centrar (sin VERA a la derecha) · el icono del aviso de rol · la flecha propia de los selects (appearance none) · tipografia y variables limpias a la primera (0 inexistentes 0 colores literales; titulo 24 subtitulo 13 etiqueta 12 ayuda 10) · el logo de Google en un solo color (el Coder evito el literal) · cifras 7 y 8 NO limpias · C5 pendiente del PO"
2026-09-30,INV-03,corrida-01,e49ec1c,-,2,814,0,0,0,2,"ESCALADO EN EL INTENTO 3 POR UN E2E AJENO (INV-01 · filtro Publicados, F-225; pasa solo 16/16 con el artefacto en el arbol) · C1 C3 C4 verdes y las 123 pruebas de unidad de inventario y wiring verdes; los intentos 1 y 2 fallaron de verdad (C1 y C2 y C4) · NO cuenta para la cifra 2 (regla 3: causa ajena) · coste 0.43 USD en 3 intentos (0.039 + 0.031 + 0.359; el 3 se truncó dos veces por longitud y gastó 268218 tokens de salida) · 21.1 min · TOCADAS 0 lineas: revisado a mano contra el HTML aprobado (captura real de los estados warn y fail; 0 var(--bw-*) inexistentes, 0 colores literales fuera de comentarios, tamaños 11/24/14/10/22 px) · NO es punto limpio de las cifras 7 y 8 (comparte sesion con el arranque del dia 28)"
2026-10-04,INV-02,corrida-01,370099a,0f82de3,2,837,14,14,1,1,"VERDE EN EL INTENTO 1 (C1 C2 C3 C4) · coste 0.049 USD · 30668/27263 tokens · 0% cache · TOCADAS 14 lineas de CSS: superficies en --bw-warm-cream (crema) en vez de blancas y padding dentro del contenedor de 860 px (contenido en 764 px; recortaba los desplegables) · vistas en una captura real contra el HTML aprobado; 0 var(--bw-*) inexistentes y 0 colores literales fuera de comentarios · ImportMapping.tsx sin tocar · NO es punto limpio de las cifras 7 y 8 (comparte sesion con la capa de datos y la 0044)"
2026-10-06,REG-05,corrida-02,a9d4771,7699b6a,2,448,7,2,2,0,"VERDE EN EL INTENTO 2 (corrida-02) · coste 0.049 USD (0.015 + 0.033) · el intento 1 solo cayo en C2 por un e2e ajeno (ADMIN-02 espera de 5 s a operator-home: F-225); los 6 e2e de REG-05 pasaban · la corrida-01 se anulo por regla 3 (F-234 y F-236; 0.096 USD en el CSV como ANULADA) · TOCADAS +7/-2 (2.0 %) en los 2 ficheros: el indicador de pasos amontonado a la izquierda (la linea iba dentro de un <li> que no crecia) y el icono de paso hecho como circulo dentro del circulo · vistas en una captura real (build + sesion ALPHA reescrita a REGISTERED) contra el HTML aprobado y su PDF; textos literales y tokens limpios a la primera (0 colores literales) · el Coder escribio en la corrida-01 impo{r}tante para esquivar F-236 (no llego a comitearse) · NO es punto limpio de las cifras 7 y 8 (comparte sesion con el contrato y con 0047) · C5 pendiente del PO"
