fecha,tarea,pantalla,modelo,tokens_in,tokens_out,coste_usd,intentos,minutos,ficheros,cache_hit_pct,escalado_a_humano,checks_inejecutables,corrida,primer_intento_limpio,resultado
2026-08-05,SP-1,INV-01,deepseek-v4-flash,18767,8192,0.004921,0,0.9,-,0.00,no,C0,-,-,trunc-maxtokens (bug de arnes: max_tokens 8192 bajo para modelo de razonamiento; no cuenta como intento del modelo). Sin artefacto: coste desperdiciado
2026-08-05,SP-1,INV-01,deepseek-v4-flash,18767,12563,0.003581,1,1.1,InventoryTable.tsx;InventoryTable.module.css,99.58,no,-,-,-,PASA 5/5 (C1/C2/C4 pass; C3 pass con matiz -rojo #ef4444-; C5 pass PO). AVISO DE COSTE: 99.6% cache hit (18688 hit / 79 miss) porque el system prompt se reuso del intento truncado; NO es representativo del coste por pantalla en frio. Con estos mismos tokens y 0% cache seria ~0.006145 USD (x1.7). Para extrapolar a V1 usar la cifra en frio
2026-08-07,SIEMBRA-1,catalogo-demo,deepseek-v4-flash,4986,43679,0.012928,1,4.1,catalog_demo.sql,0.00,no,-,-,-,PASA al primer intento (27/27 asertos escritos a mano; ninguna correccion al artefacto). COSTE EN FRIO: 0% cache hit — es la primera cifra del proyecto extrapolable a V1; la de SP-1 llevaba 99.58% de cache y no lo era. 215 filas / 72 referencias / 49 con solape entre organizaciones
2026-08-10,MSG-01,MSG-01,deepseek-v4-flash,15333,36517,0.012371,1,3.9,app/src/screens/messages/Messages.module.css;app/src/screens/messages/Messages.tsx;app/src/screens/messages/ThreadList.module.css;app/src/screens/messages/ThreadList.tsx,0.00,no,C1;C2,-,-,FALLA 1/4 (verde: C3 / rojo: C1;C2;C4). C5 lo da el PO
2026-08-10,MSG-01,MSG-01,deepseek-v4-flash,15528,41430,0.011684,2,4.6,app/src/screens/messages/Messages.module.css;app/src/screens/messages/Messages.tsx;app/src/screens/messages/ThreadList.module.css;app/src/screens/messages/ThreadList.tsx,98.09,no,C1;C2,-,-,FALLA 1/4 (verde: C3 / rojo: C1;C2;C4). C5 lo da el PO
2026-08-10,MSG-01,MSG-01,deepseek-v4-flash,15540,37295,0.010493,3,4.2,app/src/screens/messages/Messages.module.css;app/src/screens/messages/Messages.tsx;app/src/screens/messages/ThreadList.module.css;app/src/screens/messages/ThreadList.tsx,99.67,si,C1;C2,-,-,ESCALADO 1/4 (verde: C3 / rojo: C1;C2;C4). C5 lo da el PO
2026-08-10,MSG-01,MSG-01,deepseek-v4-flash,18452,41253,0.014134,1,3.9,app/src/screens/messages/Messages.module.css;app/src/screens/messages/Messages.tsx;app/src/screens/messages/ThreadList.module.css;app/src/screens/messages/ThreadList.tsx,0.00,no,C2,-,-,FALLA 2/4 (verde: C3;C4 / rojo: C1;C2). C5 lo da el PO
2026-08-10,MSG-01,MSG-01,deepseek-v4-flash,20071,41634,0.011939,2,7.7,app/src/screens/messages/Messages.module.css;app/src/screens/messages/Messages.tsx;app/src/screens/messages/ThreadList.module.css;app/src/screens/messages/ThreadList.tsx,91.83,no,C2,-,-,FALLA 2/4 (verde: C3;C4 / rojo: C1;C2). C5 lo da el PO
2026-08-10,MSG-01,MSG-01,deepseek-v4-flash,19003,30783,0.008751,3,3.3,app/src/screens/messages/Messages.module.css;app/src/screens/messages/Messages.tsx;app/src/screens/messages/ThreadList.module.css;app/src/screens/messages/ThreadList.tsx,97.00,si,C2,-,-,ESCALADO 2/4 (verde: C3;C4 / rojo: C1;C2). C5 lo da el PO
2026-08-10,MSG-01,MSG-01,deepseek-v4-flash,18748,47669,0.015972,1,5.6,app/src/screens/messages/Messages.module.css;app/src/screens/messages/Messages.tsx;app/src/screens/messages/ThreadList.module.css;app/src/screens/messages/ThreadList.tsx,0.00,no,-,-,-,FALLA 2/4 (verde: C3;C4 / rojo: C1;C2). C5 lo da el PO
2026-08-10,MSG-01,MSG-01,deepseek-v4-flash,19080,24030,0.006836,2,3.0,app/src/screens/messages/Messages.module.css;app/src/screens/messages/Messages.tsx;app/src/screens/messages/ThreadList.module.css;app/src/screens/messages/ThreadList.tsx,97.95,no,-,-,-,FALLA 2/4 (verde: C3;C4 / rojo: C1;C2). C5 lo da el PO
2026-08-10,MSG-01,MSG-01,deepseek-v4-flash,18952,43778,0.012347,3,5.0,app/src/screens/messages/Messages.module.css;app/src/screens/messages/Messages.tsx;app/src/screens/messages/ThreadList.module.css;app/src/screens/messages/ThreadList.tsx,98.61,si,-,-,-,ESCALADO 2/4 (verde: C3;C4 / rojo: C1;C2). C5 lo da el PO
2026-08-10,SRCH-01,SRCH-01,deepseek-v4-flash,62180,129606,0.040745,1,14.7,app/src/screens/search/FilterChips.module.css;app/src/screens/search/FilterChips.tsx;app/src/screens/search/ResultsTable.module.css;app/src/screens/search/ResultsTable.tsx;app/src/screens/search/SearchResults.module.css;app/src/screens/search/SearchResults.tsx,49.82,no,-,-,-,FALLA 2/4 (verde: C3;C4 / rojo: C1;C2). C5 lo da el PO
2026-08-10,SRCH-01,SRCH-01,deepseek-v4-flash,32159,55996,0.015931,2,6.5,app/src/screens/search/FilterChips.module.css;app/src/screens/search/FilterChips.tsx;app/src/screens/search/ResultsTable.module.css;app/src/screens/search/ResultsTable.tsx;app/src/screens/search/SearchResults.module.css;app/src/screens/search/SearchResults.tsx,96.32,no,-,-,-,FALLA 2/4 (verde: C3;C4 / rojo: C1;C2). C5 lo da el PO
2026-08-10,SRCH-01,SRCH-01,deepseek-v4-flash,64212,104147,0.029511,3,12.3,app/src/screens/search/FilterChips.module.css;app/src/screens/search/FilterChips.tsx;app/src/screens/search/ResultsTable.module.css;app/src/screens/search/ResultsTable.tsx;app/src/screens/search/SearchResults.module.css;app/src/screens/search/SearchResults.tsx,98.08,si,-,-,-,ESCALADO 2/4 (verde: C3;C4 / rojo: C1;C2). C5 lo da el PO
2026-08-10,SRCH-01,SRCH-01,deepseek-v4-flash,31814,50322,0.018544,1,6.2,app/src/screens/search/FilterChips.module.css;app/src/screens/search/FilterChips.tsx;app/src/screens/search/ResultsTable.module.css;app/src/screens/search/ResultsTable.tsx;app/src/screens/search/SearchResults.module.css;app/src/screens/search/SearchResults.tsx,0.00,no,-,-,-,FALLA 2/4 (verde: C3;C4 / rojo: C1;C2). C5 lo da el PO
2026-08-10,SRCH-01,SRCH-01,deepseek-v4-flash,33265,60192,0.017156,2,6.6,app/src/screens/search/FilterChips.module.css;app/src/screens/search/FilterChips.tsx;app/src/screens/search/ResultsTable.module.css;app/src/screens/search/ResultsTable.tsx;app/src/screens/search/SearchResults.module.css;app/src/screens/search/SearchResults.tsx,95.43,no,-,-,-,FALLA 2/4 (verde: C3;C4 / rojo: C1;C2). C5 lo da el PO
2026-08-10,SRCH-01,SRCH-01,deepseek-v4-flash,33191,45450,0.013017,3,4.9,app/src/screens/search/FilterChips.module.css;app/src/screens/search/FilterChips.tsx;app/src/screens/search/ResultsTable.module.css;app/src/screens/search/ResultsTable.tsx;app/src/screens/search/SearchResults.module.css;app/src/screens/search/SearchResults.tsx,95.64,si,-,-,-,ESCALADO 2/4 (verde: C3;C4 / rojo: C1;C2). C5 lo da el PO
2026-08-11,MSG-02,MSG-02,deepseek-v4-flash,62336,132499,0.041559,1,13.9,app/src/screens/messages/Thread.module.css;app/src/screens/messages/Thread.tsx;app/src/screens/messages/ThreadComposer.module.css;app/src/screens/messages/ThreadComposer.tsx;app/src/screens/messages/ThreadHeader.module.css;app/src/screens/messages/ThreadHeader.tsx;app/src/screens/messages/ThreadHistory.module.css;app/src/screens/messages/ThreadHistory.tsx,49.90,no,-,-,-,FALLA 2/4 (verde: C3;C4 / rojo: C1;C2). C5 lo da el PO
2026-08-11,MSG-02,MSG-02,deepseek-v4-flash,32270,45867,0.013093,2,4.3,app/src/screens/messages/Thread.module.css;app/src/screens/messages/Thread.tsx;app/src/screens/messages/ThreadComposer.module.css;app/src/screens/messages/ThreadComposer.tsx;app/src/screens/messages/ThreadHeader.module.css;app/src/screens/messages/ThreadHeader.tsx;app/src/screens/messages/ThreadHistory.module.css;app/src/screens/messages/ThreadHistory.tsx,96.39,no,-,-,-,FALLA 2/4 (verde: C3;C4 / rojo: C1;C2). C5 lo da el PO
2026-08-11,MSG-02,MSG-02,deepseek-v4-flash,32671,44409,0.012741,3,4.6,app/src/screens/messages/Thread.module.css;app/src/screens/messages/Thread.tsx;app/src/screens/messages/ThreadComposer.module.css;app/src/screens/messages/ThreadComposer.tsx;app/src/screens/messages/ThreadHeader.module.css;app/src/screens/messages/ThreadHeader.tsx;app/src/screens/messages/ThreadHistory.module.css;app/src/screens/messages/ThreadHistory.tsx,95.20,si,-,-,-,ESCALADO 2/4 (verde: C3;C4 / rojo: C1;C2). C5 lo da el PO
2026-08-12,VND-01,VND-01,deepseek-v4-flash,27250,34674,0.013524,1,3.3,app/src/screens/selling/SentOffers.module.css;app/src/screens/selling/SentOffers.tsx;app/src/screens/selling/SentOffersTable.module.css;app/src/screens/selling/SentOffersTable.tsx,0.00,no,-,-,-,FALLA 2/4 (verde: C3;C4 / rojo: C1;C2). C5 lo da el PO
2026-08-12,VND-01,VND-01,deepseek-v4-flash,28294,39163,0.011204,2,4.2,app/src/screens/selling/SentOffers.module.css;app/src/screens/selling/SentOffers.tsx;app/src/screens/selling/SentOffersTable.module.css;app/src/screens/selling/SentOffersTable.tsx,95.91,no,-,-,-,FALLA 2/4 (verde: C3;C4 / rojo: C1;C2). C5 lo da el PO
2026-08-12,VND-01,VND-01,deepseek-v4-flash,28223,4964,0.001618,3,0.4,app/src/screens/selling/SentOffers.module.css;app/src/screens/selling/SentOffers.tsx;app/src/screens/selling/SentOffersTable.module.css;app/src/screens/selling/SentOffersTable.tsx,96.15,si,-,-,-,ESCALADO 1/4 (verde: C4 / rojo: C1;C2;C3). C5 lo da el PO
2026-08-12,VND-01,VND-01,deepseek-v4-flash,27359,45861,0.012931,1,4.6,app/src/screens/selling/SentOffers.module.css;app/src/screens/selling/SentOffers.tsx;app/src/screens/selling/SentOffersTable.module.css;app/src/screens/selling/SentOffersTable.tsx,99.65,no,-,-,-,FALLA 2/4 (verde: C3;C4 / rojo: C1;C2). C5 lo da el PO
2026-08-12,VND-01,VND-01,deepseek-v4-flash,32652,14361,0.004852,2,1.4,app/src/screens/selling/SentOffers.module.css;app/src/screens/selling/SentOffers.tsx;app/src/screens/selling/SentOffersTable.module.css;app/src/screens/selling/SentOffersTable.tsx,83.50,no,-,-,-,PASA 4/4 (verde: C1;C2;C3;C4 / rojo: -). C5 lo da el PO
2026-08-12,LOGIN-01,LOGIN-01,deepseek-v4-flash,8047,27392,0.008796,1,2.9,app/src/screens/Login.module.css;app/src/screens/Login.tsx,0.00,no,-,-,-,PASA 4/4 (verde: C1;C2;C3;C4 / rojo: -). C5 lo da el PO
2026-08-12,PANEL-01,PANEL-01,deepseek-v4-flash,21239,28165,0.010860,1,4.0,app/src/screens/panel/Panel.module.css;app/src/screens/panel/Panel.tsx,0.00,no,-,-,-,FALLA 2/4 (verde: C3;C4 / rojo: C1;C2). C5 lo da el PO
2026-08-12,PANEL-01,PANEL-01,deepseek-v4-flash,24804,30345,0.009071,2,4.2,app/src/screens/panel/Panel.module.css;app/src/screens/panel/Panel.tsx,85.15,no,-,-,-,FALLA 2/4 (verde: C3;C4 / rojo: C1;C2). C5 lo da el PO
2026-08-12,PANEL-01,PANEL-01,deepseek-v4-flash,25171,34742,0.010354,3,4.4,app/src/screens/panel/Panel.module.css;app/src/screens/panel/Panel.tsx,83.91,si,-,-,-,ESCALADO 2/4 (verde: C3;C4 / rojo: C1;C2). C5 lo da el PO
2026-08-28,PANEL-01,PANEL-01,deepseek-v4-flash,21239,32157,0.051792,1,3.8,app/src/screens/panel/Panel.module.css;app/src/screens/panel/Panel.tsx,0.00,no,-,-,-,FALLA 2/4 (verde: C3;C4 / rojo: C1;C2). C5 lo da el PO
2026-08-28,PANEL-01,PANEL-01,deepseek-v4-flash,25846,17957,0.026078,2,2.1,app/src/screens/panel/Panel.module.css;app/src/screens/panel/Panel.tsx,81.71,no,-,-,-,FALLA 2/4 (verde: C3;C4 / rojo: C1;C2). C5 lo da el PO
2026-08-28,PANEL-01,PANEL-01,deepseek-v4-flash,26030,15357,0.022727,3,2.1,app/src/screens/panel/Panel.module.css;app/src/screens/panel/Panel.tsx,81.14,no,-,-,-,PASA 4/4 (verde: C1;C2;C3;C4 / rojo: -). C5 lo da el PO
2026-08-28,SRCH-01,SRCH-01,deepseek-v4-flash,32763,46802,0.076194,1,5.3,app/src/screens/search/FilterChips.module.css;app/src/screens/search/FilterChips.tsx;app/src/screens/search/ResultsTable.module.css;app/src/screens/search/ResultsTable.tsx;app/src/screens/search/SearchResults.module.css;app/src/screens/search/SearchResults.tsx,0.00,no,-,-,-,FALLA 2/4 (verde: C3;C4 / rojo: C1;C2). C5 lo da el PO
2026-08-28,SRCH-01,SRCH-01,deepseek-v4-flash,42043,32460,0.047441,2,4.1,app/src/screens/search/FilterChips.module.css;app/src/screens/search/FilterChips.tsx;app/src/screens/search/ResultsTable.module.css;app/src/screens/search/ResultsTable.tsx;app/src/screens/search/SearchResults.module.css;app/src/screens/search/SearchResults.tsx,77.63,no,-,-,-,FALLA 2/4 (verde: C3;C4 / rojo: C1;C2). C5 lo da el PO
2026-08-28,SRCH-01,SRCH-01,deepseek-v4-flash,41670,20644,0.031626,3,2.6,app/src/screens/search/FilterChips.module.css;app/src/screens/search/FilterChips.tsx;app/src/screens/search/ResultsTable.module.css;app/src/screens/search/ResultsTable.tsx;app/src/screens/search/SearchResults.module.css;app/src/screens/search/SearchResults.tsx,78.64,si,-,-,-,ESCALADO 2/4 (verde: C3;C4 / rojo: C1;C2). C5 lo da el PO
2026-08-28,MSG-01,MSG-01,deepseek-v4-flash,19319,44788,0.067621,1,5.4,app/src/screens/messages/Messages.module.css;app/src/screens/messages/Messages.tsx;app/src/screens/messages/ThreadList.module.css;app/src/screens/messages/ThreadList.tsx,0.00,no,-,-,-,FALLA 2/4 (verde: C3;C4 / rojo: C1;C2). C5 lo da el PO
2026-08-28,MSG-01,MSG-01,deepseek-v4-flash,25134,41648,0.057855,2,4.7,app/src/screens/messages/Messages.module.css;app/src/screens/messages/Messages.tsx;app/src/screens/messages/ThreadList.module.css;app/src/screens/messages/ThreadList.tsx,76.39,no,-,-,-,FALLA 2/4 (verde: C3;C4 / rojo: C1;C2). C5 lo da el PO
2026-08-28,MSG-01,MSG-01,deepseek-v4-flash,25962,21832,0.032062,3,2.8,app/src/screens/messages/Messages.module.css;app/src/screens/messages/Messages.tsx;app/src/screens/messages/ThreadList.module.css;app/src/screens/messages/ThreadList.tsx,73.95,si,-,-,-,ESCALADO 2/4 (verde: C3;C4 / rojo: C1;C2). C5 lo da el PO
2026-08-28,PANEL-01,PANEL-01,deepseek-v4-flash,21239,52003,0.068992,1,5.9,app/src/screens/panel/Panel.module.css;app/src/screens/panel/Panel.tsx,99.44,no,-,-,-,FALLA 2/4 (verde: C3;C4 / rojo: C1;C2). C5 lo da el PO
2026-08-28,PANEL-01,PANEL-01,deepseek-v4-flash,25996,19899,0.028708,2,2.3,app/src/screens/panel/Panel.module.css;app/src/screens/panel/Panel.tsx,81.24,no,-,-,-,FALLA 2/4 (verde: C3;C4 / rojo: C1;C2). C5 lo da el PO
2026-08-28,PANEL-01,PANEL-01,deepseek-v4-flash,26111,53016,0.072473,3,6.4,app/src/screens/panel/Panel.module.css;app/src/screens/panel/Panel.tsx,80.89,no,-,-,-,PASA 4/4 (verde: C1;C2;C3;C4 / rojo: -). C5 lo da el PO
2026-08-28,SRCH-01,SRCH-01,deepseek-v4-flash,32763,14370,0.019479,1,1.6,app/src/screens/search/FilterChips.module.css;app/src/screens/search/FilterChips.tsx;app/src/screens/search/ResultsTable.module.css;app/src/screens/search/ResultsTable.tsx;app/src/screens/search/SearchResults.module.css;app/src/screens/search/SearchResults.tsx,99.62,no,-,-,-,FALLA 0/4 (verde: - / rojo: C1;C2;C3;C4). C5 lo da el PO
2026-08-28,SRCH-01,SRCH-01,deepseek-v4-flash,44009,36876,0.054081,2,4.4,app/src/screens/search/FilterChips.module.css;app/src/screens/search/FilterChips.tsx;app/src/screens/search/ResultsTable.module.css;app/src/screens/search/ResultsTable.tsx;app/src/screens/search/SearchResults.module.css;app/src/screens/search/SearchResults.tsx,74.46,no,-,-,-,FALLA 1/4 (verde: C3 / rojo: C1;C2;C4). C5 lo da el PO
2026-08-28,SRCH-01,SRCH-01,deepseek-v4-flash,43671,28623,0.043038,3,3.5,app/src/screens/search/FilterChips.module.css;app/src/screens/search/FilterChips.tsx;app/src/screens/search/ResultsTable.module.css;app/src/screens/search/ResultsTable.tsx;app/src/screens/search/SearchResults.module.css;app/src/screens/search/SearchResults.tsx,75.03,si,-,-,-,ESCALADO 1/4 (verde: C3 / rojo: C1;C2;C4). C5 lo da el PO
2026-08-29,VND-01,VND-01,deepseek-v4-flash,27574,46679,0.073749,1,5.0,app/src/screens/selling/SentOffers.module.css;app/src/screens/selling/SentOffers.tsx;app/src/screens/selling/SentOffersTable.module.css;app/src/screens/selling/SentOffersTable.tsx,0.00,no,-,-,-,FALLA 2/4 (verde: C3;C4 / rojo: C1;C2). C5 lo da el PO
2026-08-29,VND-01,VND-01,deepseek-v4-flash,31772,33733,0.046784,2,4.6,app/src/screens/selling/SentOffers.module.css;app/src/screens/selling/SentOffers.tsx;app/src/screens/selling/SentOffersTable.module.css;app/src/screens/selling/SentOffersTable.tsx,86.62,no,-,-,-,FALLA 2/4 (verde: C3;C4 / rojo: C1;C2). C5 lo da el PO
2026-08-29,VND-01,VND-01,deepseek-v4-flash,31728,19900,0.028505,3,2.2,-,86.74,si,C0,-,-,ESCALADO 0/1 (verde: - / rojo: - / INEJECUTABLE: C0). C5 lo da el PO
2026-08-29,PANEL-01,PANEL-01,deepseek-v4-flash,21239,38681,0.051407,1,4.6,app/src/screens/panel/Panel.module.css;app/src/screens/panel/Panel.tsx,99.44,no,-,-,-,FALLA 2/4 (verde: C3;C4 / rojo: C1;C2). C5 lo da el PO
2026-08-29,PANEL-01,PANEL-01,deepseek-v4-flash,26024,16450,0.024167,2,1.7,app/src/screens/panel/Panel.module.css;app/src/screens/panel/Panel.tsx,81.16,no,-,-,-,FALLA 2/4 (verde: C3;C4 / rojo: C1;C2). C5 lo da el PO
2026-08-29,PANEL-01,PANEL-01,deepseek-v4-flash,26710,26759,0.038077,3,3.3,app/src/screens/panel/Panel.module.css;app/src/screens/panel/Panel.tsx,79.07,no,-,-,-,PASA 4/4 (verde: C1;C2;C3;C4 / rojo: -). C5 lo da el PO
2026-08-29,MSG-01,MSG-01,deepseek-v4-flash,19527,46147,0.069506,1,5.3,app/src/screens/messages/Messages.module.css;app/src/screens/messages/Messages.tsx;app/src/screens/messages/ThreadList.module.css;app/src/screens/messages/ThreadList.tsx,0.00,no,-,-,-,FALLA 2/4 (verde: C3;C4 / rojo: C1;C2). C5 lo da el PO ⚠ FILA INVALIDA (F-121): dos corridas midiendo a la vez sobre el mismo app/src. NO AGREGAR
2026-08-29,MSG-01,MSG-01,deepseek-v4-flash,25621,19836,0.029169,2,2.4,app/src/screens/messages/Messages.module.css;app/src/screens/messages/Messages.tsx;app/src/screens/messages/ThreadList.module.css;app/src/screens/messages/ThreadList.tsx,75.94,no,-,-,-,FALLA 2/4 (verde: C3;C4 / rojo: C1;C2). C5 lo da el PO ⚠ FILA INVALIDA (F-121): dos corridas midiendo a la vez sobre el mismo app/src. NO AGREGAR
2026-08-29,MSG-01,MSG-01,deepseek-v4-flash,25462,22421,0.032511,3,2.8,app/src/screens/messages/Messages.module.css;app/src/screens/messages/Messages.tsx;app/src/screens/messages/ThreadList.module.css;app/src/screens/messages/ThreadList.tsx,76.41,si,-,-,-,ESCALADO 2/4 (verde: C3;C4 / rojo: C1;C2). C5 lo da el PO ⚠ FILA INVALIDA (F-121): dos corridas midiendo a la vez sobre el mismo app/src. NO AGREGAR
2026-08-29,SRCH-01,SRCH-01,deepseek-v4-flash,32970,48439,0.064433,1,5.5,app/src/screens/search/FilterChips.module.css;app/src/screens/search/FilterChips.tsx;app/src/screens/search/ResultsTable.module.css;app/src/screens/search/ResultsTable.tsx;app/src/screens/search/SearchResults.module.css;app/src/screens/search/SearchResults.tsx,99.78,no,-,-,-,FALLA 2/4 (verde: C3;C4 / rojo: C1;C2). C5 lo da el PO ⚠ FILA INVALIDA (F-121): dos corridas midiendo a la vez sobre el mismo app/src. NO AGREGAR
2026-08-29,SRCH-01,SRCH-01,deepseek-v4-flash,42697,22537,0.034522,2,2.8,app/src/screens/search/FilterChips.module.css;app/src/screens/search/FilterChips.tsx;app/src/screens/search/ResultsTable.module.css;app/src/screens/search/ResultsTable.tsx;app/src/screens/search/SearchResults.module.css;app/src/screens/search/SearchResults.tsx,77.05,no,-,-,-,FALLA 2/4 (verde: C3;C4 / rojo: C1;C2). C5 lo da el PO ⚠ FILA INVALIDA (F-121): dos corridas midiendo a la vez sobre el mismo app/src. NO AGREGAR
2026-08-29,SRCH-01,SRCH-01,deepseek-v4-flash,42074,35576,0.051459,3,4.5,app/src/screens/search/FilterChips.module.css;app/src/screens/search/FilterChips.tsx;app/src/screens/search/ResultsTable.module.css;app/src/screens/search/ResultsTable.tsx;app/src/screens/search/SearchResults.module.css;app/src/screens/search/SearchResults.tsx,78.19,si,-,-,-,ESCALADO 2/4 (verde: C3;C4 / rojo: C1;C2). C5 lo da el PO ⚠ FILA INVALIDA (F-121): dos corridas midiendo a la vez sobre el mismo app/src. NO AGREGAR
2026-08-29,VND-01,VND-01,deepseek-v4-flash,27574,40794,0.054257,1,5.2,app/src/screens/selling/SentOffers.module.css;app/src/screens/selling/SentOffers.tsx;app/src/screens/selling/SentOffersTable.module.css;app/src/screens/selling/SentOffersTable.tsx,99.80,no,-,-,-,PASA 4/4 (verde: C1;C2;C3;C4 / rojo: -). C5 lo da el PO ⚠ FILA INVALIDA (F-121): dos corridas midiendo a la vez sobre el mismo app/src. NO AGREGAR
2026-08-29,MSG-01,MSG-01,deepseek-v4-flash,19527,59162,0.078397,1,6.9,app/src/screens/messages/Messages.module.css;app/src/screens/messages/Messages.tsx;app/src/screens/messages/ThreadList.module.css;app/src/screens/messages/ThreadList.tsx,99.64,no,-,-,-,FALLA 2/4 (verde: C3;C4 / rojo: C1;C2). C5 lo da el PO ⚠ FILA INVALIDA (F-121): dos corridas midiendo a la vez sobre el mismo app/src. NO AGREGAR
2026-08-29,MSG-01,MSG-01,deepseek-v4-flash,26518,35921,0.050795,2,3.8,app/src/screens/messages/Messages.module.css;app/src/screens/messages/Messages.tsx;app/src/screens/messages/ThreadList.module.css;app/src/screens/messages/ThreadList.tsx,73.37,no,-,-,-,FALLA 2/4 (verde: C3;C4 / rojo: C1;C2). C5 lo da el PO ⚠ FILA INVALIDA (F-121): dos corridas midiendo a la vez sobre el mismo app/src. NO AGREGAR
2026-08-29,MSG-01,MSG-01,deepseek-v4-flash,26715,36944,0.052232,3,4.1,app/src/screens/messages/Messages.module.css;app/src/screens/messages/Messages.tsx;app/src/screens/messages/ThreadList.module.css;app/src/screens/messages/ThreadList.tsx,72.83,si,-,-,-,ESCALADO 2/4 (verde: C3;C4 / rojo: C1;C2). C5 lo da el PO ⚠ FILA INVALIDA (F-121): dos corridas midiendo a la vez sobre el mismo app/src. NO AGREGAR
2026-08-29,VND-01,VND-01,deepseek-v4-flash,27574,40672,0.054096,1,4.4,app/src/screens/selling/SentOffers.module.css;app/src/screens/selling/SentOffers.tsx;app/src/screens/selling/SentOffersTable.module.css;app/src/screens/selling/SentOffersTable.tsx,99.80,no,-,-,-,FALLA 2/4 (verde: C3;C4 / rojo: C1;C2). C5 lo da el PO ⚠ FILA INVALIDA (F-121): dos corridas midiendo a la vez sobre el mismo app/src. NO AGREGAR
2026-08-29,VND-01,VND-01,deepseek-v4-flash,32451,7222,0.012088,2,0.7,app/src/screens/selling/SentOffers.module.css;app/src/screens/selling/SentOffers.tsx;app/src/screens/selling/SentOffersTable.module.css;app/src/screens/selling/SentOffersTable.tsx,84.80,no,-,-,-,PASA 4/4 (verde: C1;C2;C3;C4 / rojo: -). C5 lo da el PO ⚠ FILA INVALIDA (F-121): dos corridas midiendo a la vez sobre el mismo app/src. NO AGREGAR
2026-08-29,PANEL-01,PANEL-01,deepseek-v4-flash,21239,38220,0.050798,1,4.1,app/src/screens/panel/Panel.module.css;app/src/screens/panel/Panel.tsx,99.44,no,-,-,-,FALLA 2/4 (verde: C3;C4 / rojo: C1;C2). C5 lo da el PO
2026-08-29,PANEL-01,PANEL-01,deepseek-v4-flash,26023,7697,0.012613,2,0.9,app/src/screens/panel/Panel.module.css;app/src/screens/panel/Panel.tsx,81.16,no,-,-,-,FALLA 2/4 (verde: C3;C4 / rojo: C1;C2). C5 lo da el PO
2026-08-29,PANEL-01,PANEL-01,deepseek-v4-flash,26235,33327,0.046538,3,4.2,app/src/screens/panel/Panel.module.css;app/src/screens/panel/Panel.tsx,80.50,no,-,-,-,PASA 4/4 (verde: C1;C2;C3;C4 / rojo: -). C5 lo da el PO
2026-08-29,SRCH-01,SRCH-01,deepseek-v4-flash,32970,55557,0.073828,1,6.1,app/src/screens/search/FilterChips.module.css;app/src/screens/search/FilterChips.tsx;app/src/screens/search/ResultsTable.module.css;app/src/screens/search/ResultsTable.tsx;app/src/screens/search/SearchResults.module.css;app/src/screens/search/SearchResults.tsx,99.78,no,-,-,-,FALLA 2/4 (verde: C3;C4 / rojo: C1;C2). C5 lo da el PO
2026-08-29,SRCH-01,SRCH-01,deepseek-v4-flash,43127,26467,0.039899,2,3.2,app/src/screens/search/FilterChips.module.css;app/src/screens/search/FilterChips.tsx;app/src/screens/search/ResultsTable.module.css;app/src/screens/search/ResultsTable.tsx;app/src/screens/search/SearchResults.module.css;app/src/screens/search/SearchResults.tsx,76.28,no,-,-,-,FALLA 2/4 (verde: C3;C4 / rojo: C1;C2). C5 lo da el PO
2026-08-29,SRCH-01,SRCH-01,deepseek-v4-flash,42744,22586,0.030463,3,11.6,app/src/screens/search/FilterChips.module.css;app/src/screens/search/FilterChips.tsx;app/src/screens/search/ResultsTable.module.css;app/src/screens/search/ResultsTable.tsx;app/src/screens/search/SearchResults.module.css;app/src/screens/search/SearchResults.tsx,99.72,si,-,-,-,ESCALADO 2/4 (verde: C3;C4 / rojo: C1;C2). C5 lo da el PO
2026-08-29,MSG-01,MSG-01,deepseek-v4-flash,19527,35931,0.047733,1,4.5,app/src/screens/messages/Messages.module.css;app/src/screens/messages/Messages.tsx;app/src/screens/messages/ThreadList.module.css;app/src/screens/messages/ThreadList.tsx,99.64,no,-,-,-,FALLA 2/4 (verde: C3;C4 / rojo: C1;C2). C5 lo da el PO
2026-08-29,MSG-01,MSG-01,deepseek-v4-flash,26785,23632,0.034691,2,3.1,app/src/screens/messages/Messages.module.css;app/src/screens/messages/Messages.tsx;app/src/screens/messages/ThreadList.module.css;app/src/screens/messages/ThreadList.tsx,72.64,no,-,-,-,FALLA 2/4 (verde: C3;C4 / rojo: C1;C2). C5 lo da el PO
2026-08-29,MSG-01,MSG-01,deepseek-v4-flash,26521,29390,0.042176,3,3.4,app/src/screens/messages/Messages.module.css;app/src/screens/messages/Messages.tsx;app/src/screens/messages/ThreadList.module.css;app/src/screens/messages/ThreadList.tsx,73.36,si,-,-,-,ESCALADO 2/4 (verde: C3;C4 / rojo: C1;C2). C5 lo da el PO
2026-08-29,VND-01,VND-01,deepseek-v4-flash,27574,47108,0.062592,1,5.3,app/src/screens/selling/SentOffers.module.css;app/src/screens/selling/SentOffers.tsx;app/src/screens/selling/SentOffersTable.module.css;app/src/screens/selling/SentOffersTable.tsx,99.80,no,-,-,-,FALLA 2/4 (verde: C3;C4 / rojo: C1;C2). C5 lo da el PO
2026-08-29,VND-01,VND-01,deepseek-v4-flash,32518,9068,0.014554,2,0.9,app/src/screens/selling/SentOffers.module.css;app/src/screens/selling/SentOffers.tsx;app/src/screens/selling/SentOffersTable.module.css;app/src/screens/selling/SentOffersTable.tsx,84.63,no,-,-,-,PASA 4/4 (verde: C1;C2;C3;C4 / rojo: -). C5 lo da el PO
2026-08-29,SRCH-01,SRCH-01,deepseek-v4-flash,66340,121348,0.161123,1,13.0,app/src/screens/search/FilterChips.module.css;app/src/screens/search/FilterChips.tsx;app/src/screens/search/ResultsTable.module.css;app/src/screens/search/ResultsTable.tsx;app/src/screens/search/SearchResults.module.css;app/src/screens/search/SearchResults.tsx,99.95,no,-,-,-,FALLA 2/4 (verde: C3;C4 / rojo: C1;C2). C5 lo da el PO
2026-08-29,SRCH-01,SRCH-01,deepseek-v4-flash,43819,36748,0.053719,2,4.3,app/src/screens/search/FilterChips.module.css;app/src/screens/search/FilterChips.tsx;app/src/screens/search/ResultsTable.module.css;app/src/screens/search/ResultsTable.tsx;app/src/screens/search/SearchResults.module.css;app/src/screens/search/SearchResults.tsx,75.36,no,-,-,-,FALLA 2/4 (verde: C3;C4 / rojo: C1;C2). C5 lo da el PO
2026-08-29,SRCH-01,SRCH-01,deepseek-v4-flash,42926,17242,0.027524,3,1.8,app/src/screens/search/FilterChips.module.css;app/src/screens/search/FilterChips.tsx;app/src/screens/search/ResultsTable.module.css;app/src/screens/search/ResultsTable.tsx;app/src/screens/search/SearchResults.module.css;app/src/screens/search/SearchResults.tsx,77.23,si,-,-,-,ESCALADO 3/4 (verde: C1;C3;C4 / rojo: C2). C5 lo da el PO
2026-08-29,SRCH-01,SRCH-01,deepseek-v4-flash,33285,40824,0.068315,1,4.6,app/src/screens/search/FilterChips.module.css;app/src/screens/search/FilterChips.tsx;app/src/screens/search/ResultsTable.module.css;app/src/screens/search/ResultsTable.tsx;app/src/screens/search/SearchResults.module.css;app/src/screens/search/SearchResults.tsx,1.54,no,-,-,-,FALLA 2/4 (verde: C3;C4 / rojo: C1;C2). C5 lo da el PO
2026-08-29,SRCH-01,SRCH-01,deepseek-v4-flash,43132,20908,0.032617,2,2.5,app/src/screens/search/FilterChips.module.css;app/src/screens/search/FilterChips.tsx;app/src/screens/search/ResultsTable.module.css;app/src/screens/search/ResultsTable.tsx;app/src/screens/search/SearchResults.module.css;app/src/screens/search/SearchResults.tsx,75.97,no,-,-,-,FALLA 2/4 (verde: C3;C4 / rojo: C1;C2). C5 lo da el PO
2026-08-29,SRCH-01,SRCH-01,deepseek-v4-flash,42977,15390,0.024720,3,1.6,app/src/screens/search/FilterChips.module.css;app/src/screens/search/FilterChips.tsx;app/src/screens/search/ResultsTable.module.css;app/src/screens/search/ResultsTable.tsx;app/src/screens/search/SearchResults.module.css;app/src/screens/search/SearchResults.tsx,79.22,si,-,-,-,ESCALADO 2/4 (verde: C3;C4 / rojo: C1;C2). C5 lo da el PO
2026-08-29,SRCH-01,SRCH-01,deepseek-v4-flash,33490,52117,0.083312,1,5.7,app/src/screens/search/FilterChips.module.css;app/src/screens/search/FilterChips.tsx;app/src/screens/search/ResultsTable.module.css;app/src/screens/search/ResultsTable.tsx;app/src/screens/search/SearchResults.module.css;app/src/screens/search/SearchResults.tsx,1.53,no,-,-,-,FALLA 2/4 (verde: C3;C4 / rojo: C1;C2). C5 lo da el PO
2026-08-29,SRCH-01,SRCH-01,deepseek-v4-flash,43122,19105,0.029960,2,2.2,app/src/screens/search/FilterChips.module.css;app/src/screens/search/FilterChips.tsx;app/src/screens/search/ResultsTable.module.css;app/src/screens/search/ResultsTable.tsx;app/src/screens/search/SearchResults.module.css;app/src/screens/search/SearchResults.tsx,77.47,no,-,-,-,PASA 4/4 (verde: C1;C2;C3;C4 / rojo: -). C5 lo da el PO
2026-08-29,MSG-01,MSG-01,deepseek-v4-flash,19614,59154,0.086550,1,7.2,app/src/screens/messages/Messages.module.css;app/src/screens/messages/Messages.tsx;app/src/screens/messages/ThreadList.module.css;app/src/screens/messages/ThreadList.tsx,1.96,no,-,-,-,FALLA 2/4 (verde: C3;C4 / rojo: C1;C2). C5 lo da el PO
2026-08-29,MSG-01,MSG-01,deepseek-v4-flash,26990,29056,0.041887,2,3.3,app/src/screens/messages/Messages.module.css;app/src/screens/messages/Messages.tsx;app/src/screens/messages/ThreadList.module.css;app/src/screens/messages/ThreadList.tsx,72.56,no,-,-,-,FALLA 2/4 (verde: C3;C4 / rojo: C1;C2). C5 lo da el PO
2026-08-29,MSG-01,MSG-01,deepseek-v4-flash,26991,15951,0.024589,3,1.9,app/src/screens/messages/Messages.module.css;app/src/screens/messages/Messages.tsx;app/src/screens/messages/ThreadList.module.css;app/src/screens/messages/ThreadList.tsx,72.56,si,-,-,-,ESCALADO 2/4 (verde: C3;C4 / rojo: C1;C2). C5 lo da el PO
2026-08-30,MSG-01,MSG-01,deepseek-v4-flash,20047,38677,0.059602,1,3.9,app/src/screens/messages/Messages.module.css;app/src/screens/messages/Messages.tsx;app/src/screens/messages/ThreadList.module.css;app/src/screens/messages/ThreadList.tsx,3.19,no,-,remedicion-08-msg-con-F128,-,FALLA 2/4 (verde: C3;C4 / rojo: C1;C2). C5 lo da el PO
2026-08-30,MSG-01,MSG-01,deepseek-v4-flash,26662,12512,0.019741,2,1.5,app/src/screens/messages/Messages.module.css;app/src/screens/messages/Messages.tsx;app/src/screens/messages/ThreadList.module.css;app/src/screens/messages/ThreadList.tsx,74.89,no,-,remedicion-08-msg-con-F128,-,FALLA 2/4 (verde: C3;C4 / rojo: C1;C2). C5 lo da el PO
2026-08-30,MSG-01,MSG-01,deepseek-v4-flash,26420,11528,0.018335,3,1.3,app/src/screens/messages/Messages.module.css;app/src/screens/messages/Messages.tsx;app/src/screens/messages/ThreadList.module.css;app/src/screens/messages/ThreadList.tsx,75.58,si,-,remedicion-08-msg-con-F128,-,ESCALADO 2/4 (verde: C3;C4 / rojo: C1;C2). C5 lo da el PO
2026-08-30,MSG-01,MSG-01,deepseek-v4-flash,20367,50950,0.075888,1,6.2,app/src/screens/messages/Messages.module.css;app/src/screens/messages/Messages.tsx;app/src/screens/messages/ThreadList.module.css;app/src/screens/messages/ThreadList.tsx,3.77,no,-,remedicion-09a-msg-con-F131,-,FALLA 2/4 (verde: C3;C4 / rojo: C1;C2). C5 lo da el PO
2026-08-30,MSG-01,MSG-01,deepseek-v4-flash,26511,8886,0.017233,2,1.0,app/src/screens/messages/Messages.module.css;app/src/screens/messages/Messages.tsx;app/src/screens/messages/ThreadList.module.css;app/src/screens/messages/ThreadList.tsx,54.56,no,-,remedicion-09a-msg-con-F131,-,FALLA 2/4 (verde: C3;C4 / rojo: C1;C2). C5 lo da el PO
2026-08-30,MSG-01,MSG-01,deepseek-v4-flash,26555,8453,0.014227,3,0.9,app/src/screens/messages/Messages.module.css;app/src/screens/messages/Messages.tsx;app/src/screens/messages/ThreadList.module.css;app/src/screens/messages/ThreadList.tsx,76.16,si,-,remedicion-09a-msg-con-F131,-,ESCALADO 3/4 (verde: C1;C3;C4 / rojo: C2). C5 lo da el PO
2026-08-30,MSG-01,MSG-01,deepseek-v4-flash,20367,36082,0.047920,1,3.8,app/src/screens/messages/Messages.module.css;app/src/screens/messages/Messages.tsx;app/src/screens/messages/ThreadList.module.css;app/src/screens/messages/ThreadList.tsx,99.93,no,-,remedicion-09b-msg-con-F131,-,FALLA 2/4 (verde: C3;C4 / rojo: C1;C2). C5 lo da el PO
2026-08-30,MSG-01,MSG-01,deepseek-v4-flash,26651,14876,0.022747,2,1.7,app/src/screens/messages/Messages.module.css;app/src/screens/messages/Messages.tsx;app/src/screens/messages/ThreadList.module.css;app/src/screens/messages/ThreadList.tsx,75.88,no,-,remedicion-09b-msg-con-F131,-,FALLA 2/4 (verde: C3;C4 / rojo: C1;C2). C5 lo da el PO
2026-08-30,MSG-01,MSG-01,deepseek-v4-flash,26812,7146,0.012560,3,0.7,app/src/screens/messages/Messages.module.css;app/src/screens/messages/Messages.tsx;app/src/screens/messages/ThreadList.module.css;app/src/screens/messages/ThreadList.tsx,75.91,si,-,remedicion-09b-msg-con-F131,-,ESCALADO 3/4 (verde: C1;C3;C4 / rojo: C2). C5 lo da el PO
2026-08-30,MSG-01,MSG-01,deepseek-v4-flash,20367,45625,0.060517,1,5.4,app/src/screens/messages/Messages.module.css;app/src/screens/messages/Messages.tsx;app/src/screens/messages/ThreadList.module.css;app/src/screens/messages/ThreadList.tsx,99.93,no,-,remedicion-09c-msg-con-F131,-,FALLA 2/4 (verde: C3;C4 / rojo: C1;C2). C5 lo da el PO
2026-08-30,MSG-01,MSG-01,deepseek-v4-flash,26063,33137,0.046539,2,3.5,app/src/screens/messages/Messages.module.css;app/src/screens/messages/Messages.tsx;app/src/screens/messages/ThreadList.module.css;app/src/screens/messages/ThreadList.tsx,78.09,no,-,remedicion-09c-msg-con-F131,-,FALLA 2/4 (verde: C3;C4 / rojo: C1;C2). C5 lo da el PO
2026-08-30,MSG-01,MSG-01,deepseek-v4-flash,26164,12599,0.019473,3,1.3,app/src/screens/messages/Messages.module.css;app/src/screens/messages/Messages.tsx;app/src/screens/messages/ThreadList.module.css;app/src/screens/messages/ThreadList.tsx,77.79,si,-,remedicion-09c-msg-con-F131,-,ESCALADO 2/4 (verde: C3;C4 / rojo: C1;C2). C5 lo da el PO
2026-08-31,MSG-01,MSG-01,deepseek-v4-flash,20367,55970,0.074172,1,6.9,app/src/screens/messages/Messages.module.css;app/src/screens/messages/Messages.tsx;app/src/screens/messages/ThreadList.module.css;app/src/screens/messages/ThreadList.tsx,99.93,no,-,remedicion-10a-msg-post-fixes,-,FALLA 2/4 (verde: C3;C4 / rojo: C1;C2). C5 lo da el PO
2026-08-31,MSG-01,MSG-01,deepseek-v4-flash,26060,15394,0.023117,2,1.9,app/src/screens/messages/Messages.module.css;app/src/screens/messages/Messages.tsx;app/src/screens/messages/ThreadList.module.css;app/src/screens/messages/ThreadList.tsx,78.10,no,-,remedicion-10a-msg-post-fixes,-,FALLA 2/4 (verde: C3;C4 / rojo: C1;C2). C5 lo da el PO
2026-08-31,MSG-01,MSG-01,deepseek-v4-flash,26300,26003,0.037226,3,3.7,app/src/screens/messages/Messages.module.css;app/src/screens/messages/Messages.tsx;app/src/screens/messages/ThreadList.module.css;app/src/screens/messages/ThreadList.tsx,77.38,si,-,remedicion-10a-msg-post-fixes,-,ESCALADO 2/4 (verde: C3;C4 / rojo: C1;C2). C5 lo da el PO
2026-08-31,MSG-01,MSG-01,deepseek-v4-flash,20367,50572,0.067047,1,72.6,app/src/screens/messages/Messages.module.css;app/src/screens/messages/Messages.tsx;app/src/screens/messages/ThreadList.module.css;app/src/screens/messages/ThreadList.tsx,99.93,no,-,remedicion-10b-msg-post-fixes,-,FALLA 2/4 (verde: C3;C4 / rojo: C1;C2). C5 lo da el PO
2026-08-31,MSG-01,MSG-01,deepseek-v4-flash,25897,29089,0.041122,2,3.7,app/src/screens/messages/Messages.module.css;app/src/screens/messages/Messages.tsx;app/src/screens/messages/ThreadList.module.css;app/src/screens/messages/ThreadList.tsx,78.59,no,-,remedicion-10b-msg-post-fixes,-,FALLA 2/4 (verde: C3;C4 / rojo: C1;C2). C5 lo da el PO
2026-08-31,MSG-01,MSG-01,deepseek-v4-flash,26258,25737,0.036856,3,3.1,app/src/screens/messages/Messages.module.css;app/src/screens/messages/Messages.tsx;app/src/screens/messages/ThreadList.module.css;app/src/screens/messages/ThreadList.tsx,77.51,si,-,remedicion-10b-msg-post-fixes,-,ESCALADO 2/4 (verde: C3;C4 / rojo: C1;C2). C5 lo da el PO
2026-08-31,MSG-01,MSG-01,deepseek-v4-flash,20367,44289,0.058753,1,5.1,app/src/screens/messages/Messages.module.css;app/src/screens/messages/Messages.tsx;app/src/screens/messages/ThreadList.module.css;app/src/screens/messages/ThreadList.tsx,99.93,no,-,remedicion-10c-msg-post-fixes,-,FALLA 2/4 (verde: C3;C4 / rojo: C1;C2). C5 lo da el PO
2026-08-31,MSG-01,MSG-01,deepseek-v4-flash,26004,19937,0.029089,2,2.5,app/src/screens/messages/Messages.module.css;app/src/screens/messages/Messages.tsx;app/src/screens/messages/ThreadList.module.css;app/src/screens/messages/ThreadList.tsx,78.26,no,-,remedicion-10c-msg-post-fixes,-,FALLA 2/4 (verde: C3;C4 / rojo: C1;C2). C5 lo da el PO
2026-08-31,MSG-01,MSG-01,deepseek-v4-flash,26208,7003,0.012106,3,0.7,app/src/screens/messages/Messages.module.css;app/src/screens/messages/Messages.tsx;app/src/screens/messages/ThreadList.module.css;app/src/screens/messages/ThreadList.tsx,77.66,no,-,remedicion-10c-msg-post-fixes,-,PASA 4/4 (verde: C1;C2;C3;C4 / rojo: - / e2e con 8 excusado(s) por la tarea (F-134): verde a efectos del Coder; la suite NO estaba limpia). C5 lo da el PO
2026-09-01,MSG-01,MSG-01,deepseek-v4-flash,20842,43437,0.066344,1,4.8,app/src/screens/messages/Messages.module.css;app/src/screens/messages/Messages.tsx;app/src/screens/messages/ThreadList.module.css;app/src/screens/messages/ThreadList.tsx,1.84,no,-,remedicion-11a-msg-corpus-arreglado,-,PASA 4/4 (verde: C1;C2;C3;C4 / rojo: - / e2e con 8 excusado(s) por la tarea (F-134): verde a efectos del Coder; la suite NO estaba limpia). C5 lo da el PO
2026-09-01,MSG-01,MSG-01,deepseek-v4-flash,20842,45340,0.060186,1,4.6,app/src/screens/messages/Messages.module.css;app/src/screens/messages/Messages.tsx;app/src/screens/messages/ThreadList.module.css;app/src/screens/messages/ThreadList.tsx,99.49,no,-,remedicion-11b-msg-corpus-arreglado,-,PASA 4/4 (verde: C1;C2;C3;C4 / rojo: - / e2e con 8 excusado(s) por la tarea (F-134): verde a efectos del Coder; la suite NO estaba limpia). C5 lo da el PO
2026-09-01,MSG-01,MSG-01,deepseek-v4-flash,20842,42734,0.056746,1,5.3,app/src/screens/messages/Messages.module.css;app/src/screens/messages/Messages.tsx;app/src/screens/messages/ThreadList.module.css;app/src/screens/messages/ThreadList.tsx,99.49,no,-,remedicion-11c-msg-corpus-arreglado,-,FALLA 2/4 (verde: C3;C4 / rojo: C1;C2). C5 lo da el PO
2026-09-01,MSG-01,MSG-01,deepseek-v4-flash,26764,10072,0.016238,2,1.1,app/src/screens/messages/Messages.module.css;app/src/screens/messages/Messages.tsx;app/src/screens/messages/ThreadList.module.css;app/src/screens/messages/ThreadList.tsx,77.48,no,-,remedicion-11c-msg-corpus-arreglado,-,PASA 4/4 (verde: C1;C2;C3;C4 / rojo: - / e2e con 8 excusado(s) por la tarea (F-134): verde a efectos del Coder; la suite NO estaba limpia). C5 lo da el PO
2026-09-03,MSG-01,MSG-01,deepseek-v4-flash,21113,48316,0.072903,1,5.8,app/src/screens/messages/Messages.module.css;app/src/screens/messages/Messages.tsx;app/src/screens/messages/ThreadList.module.css;app/src/screens/messages/ThreadList.tsx,1.82,no,-,remedicion-12a-msg-con-F141,-,FALLA 2/4 (verde: C3;C4 / rojo: C1;C2). C5 lo da el PO
2026-09-03,MSG-01,MSG-01,deepseek-v4-flash,26855,13259,0.020375,2,1.4,app/src/screens/messages/Messages.module.css;app/src/screens/messages/Messages.tsx;app/src/screens/messages/ThreadList.module.css;app/src/screens/messages/ThreadList.tsx,78.17,no,-,remedicion-12a-msg-con-F141,-,PASA 4/4 (verde: C1;C2;C3;C4 / rojo: - / e2e con 8 excusado(s) por la tarea (F-134): verde a efectos del Coder; la suite NO estaba limpia). C5 lo da el PO
2026-09-03,MSG-01,MSG-01,deepseek-v4-flash,21113,41371,0.054957,1,5.0,app/src/screens/messages/Messages.module.css;app/src/screens/messages/Messages.tsx;app/src/screens/messages/ThreadList.module.css;app/src/screens/messages/ThreadList.tsx,99.43,no,-,remedicion-12b-msg-con-F141,-,FALLA 2/4 (verde: C3;C4 / rojo: C1;C2). C5 lo da el PO
2026-09-03,MSG-01,MSG-01,deepseek-v4-flash,27289,14584,0.022315,2,1.5,app/src/screens/messages/Messages.module.css;app/src/screens/messages/Messages.tsx;app/src/screens/messages/ThreadList.module.css;app/src/screens/messages/ThreadList.tsx,76.92,no,-,remedicion-12b-msg-con-F141,-,PASA 4/4 (verde: C1;C2;C3;C4 / rojo: - / e2e con 8 excusado(s) por la tarea (F-134): verde a efectos del Coder; la suite NO estaba limpia). C5 lo da el PO
2026-09-03,MSG-01,MSG-01,deepseek-v4-flash,21406,34863,0.054565,1,4.4,app/src/screens/messages/Messages.module.css;app/src/screens/messages/Messages.tsx;app/src/screens/messages/ThreadList.module.css;app/src/screens/messages/ThreadList.tsx,9.57,no,-,remedicion-13a-msg-con-F143,-,FALLA 2/4 (verde: C3;C4 / rojo: C1;C2). C5 lo da el PO
2026-09-03,MSG-01,MSG-01,deepseek-v4-flash,28031,22360,0.032743,2,2.6,app/src/screens/messages/Messages.module.css;app/src/screens/messages/Messages.tsx;app/src/screens/messages/ThreadList.module.css;app/src/screens/messages/ThreadList.tsx,76.26,no,-,remedicion-13a-msg-con-F143,-,PASA 4/4 (verde: C1;C2;C3;C4 / rojo: - / e2e con 8 excusado(s) por la tarea (F-134): verde a efectos del Coder; la suite NO estaba limpia). C5 lo da el PO
2026-09-03,MSG-01,MSG-01,deepseek-v4-flash,21406,48793,0.064719,1,6.0,app/src/screens/messages/Messages.module.css;app/src/screens/messages/Messages.tsx;app/src/screens/messages/ThreadList.module.css;app/src/screens/messages/ThreadList.tsx,99.86,no,-,remedicion-13b-msg-con-F143,-,PASA 4/4 (verde: C1;C2;C3;C4 / rojo: - / e2e con 8 excusado(s) por la tarea (F-134): verde a efectos del Coder; la suite NO estaba limpia). C5 lo da el PO
2026-09-03,MSG-01,MSG-01,deepseek-v4-flash,21406,53942,0.071516,1,6.4,app/src/screens/messages/Messages.module.css;app/src/screens/messages/Messages.tsx;app/src/screens/messages/ThreadList.module.css;app/src/screens/messages/ThreadList.tsx,99.86,no,-,remedicion-13c-msg-con-F143,-,FALLA 2/4 (verde: C3;C4 / rojo: C1;C2). C5 lo da el PO
2026-09-03,MSG-01,MSG-01,deepseek-v4-flash,28209,6246,0.011551,2,0.5,app/src/screens/messages/Messages.module.css;app/src/screens/messages/Messages.tsx;app/src/screens/messages/ThreadList.module.css;app/src/screens/messages/ThreadList.tsx,75.78,no,-,remedicion-13c-msg-con-F143,-,PASA 4/4 (verde: C1;C2;C3;C4 / rojo: - / e2e con 8 excusado(s) por la tarea (F-134): verde a efectos del Coder; la suite NO estaba limpia). C5 lo da el PO
2026-09-04,MSG-01,MSG-01,deepseek-v4-flash,21564,37831,0.059261,1,4.8,app/src/screens/messages/Messages.module.css;app/src/screens/messages/Messages.tsx;app/src/screens/messages/ThreadList.module.css;app/src/screens/messages/ThreadList.tsx,1.78,no,-,remedicion-14a-msg-con-F144,-,FALLA 2/4 (verde: C3;C4 / rojo: C1;C2). C5 lo da el PO
2026-09-04,MSG-01,MSG-01,deepseek-v4-flash,27287,6682,0.011666,2,0.6,app/src/screens/messages/Messages.module.css;app/src/screens/messages/Messages.tsx;app/src/screens/messages/ThreadList.module.css;app/src/screens/messages/ThreadList.tsx,78.81,no,-,remedicion-14a-msg-con-F144,-,PASA 4/4 (verde: C1;C2;C3;C4 / rojo: - / e2e con 8 excusado(s) por la tarea (F-134): verde a efectos del Coder; la suite NO estaba limpia). C5 lo da el PO
2026-09-04,MSG-01,MSG-01,deepseek-v4-flash,21564,60702,0.080454,1,7.5,app/src/screens/messages/Messages.module.css;app/src/screens/messages/Messages.tsx;app/src/screens/messages/ThreadList.module.css;app/src/screens/messages/ThreadList.tsx,99.72,no,-,remedicion-14b-msg-con-F144,-,PASA 4/4 (verde: C1;C2;C3;C4 / rojo: - / e2e con 8 excusado(s) por la tarea (F-134): verde a efectos del Coder; la suite NO estaba limpia). C5 lo da el PO
2026-09-04,MSG-01,MSG-01,deepseek-v4-flash,21564,53296,0.070678,1,6.7,app/src/screens/messages/Messages.module.css;app/src/screens/messages/Messages.tsx;app/src/screens/messages/ThreadList.module.css;app/src/screens/messages/ThreadList.tsx,99.72,no,-,remedicion-14c-msg-con-F144,-,PASA 4/4 (verde: C1;C2;C3;C4 / rojo: - / e2e con 8 excusado(s) por la tarea (F-134): verde a efectos del Coder; la suite NO estaba limpia). C5 lo da el PO
2026-09-04,MSG-01,MSG-01,deepseek-v4-flash,21787,57216,0.084784,1,6.9,app/src/screens/messages/Messages.module.css;app/src/screens/messages/Messages.tsx;app/src/screens/messages/ThreadList.module.css;app/src/screens/messages/ThreadList.tsx,3.53,no,-,remedicion-15a-msg-con-F145,-,PASA 4/4 (verde: C1;C2;C3;C4 / rojo: - / e2e con 8 excusado(s) por la tarea (F-134): verde a efectos del Coder; la suite NO estaba limpia). C5 lo da el PO
2026-09-04,MSG-01,MSG-01,deepseek-v4-flash,21787,55239,0.073232,1,7.2,app/src/screens/messages/Messages.module.css;app/src/screens/messages/Messages.tsx;app/src/screens/messages/ThreadList.module.css;app/src/screens/messages/ThreadList.tsx,99.88,no,-,remedicion-15b-msg-con-F145,-,PASA 4/4 (verde: C1;C2;C3;C4 / rojo: - / e2e con 8 excusado(s) por la tarea (F-134): verde a efectos del Coder; la suite NO estaba limpia). C5 lo da el PO
2026-09-04,MSG-01,MSG-01,deepseek-v4-flash,21787,21326,0.028467,1,2.6,app/src/screens/messages/Messages.module.css;app/src/screens/messages/Messages.tsx;app/src/screens/messages/ThreadList.module.css;app/src/screens/messages/ThreadList.tsx,99.88,no,-,remedicion-15c-msg-con-F145,-,PASA 4/4 (verde: C1;C2;C3;C4 / rojo: - / e2e con 8 excusado(s) por la tarea (F-134): verde a efectos del Coder; la suite NO estaba limpia). C5 lo da el PO
2026-09-04,MSG-01,MSG-01,deepseek-v4-flash,21787,35129,0.046687,1,4.3,app/src/screens/messages/Messages.module.css;app/src/screens/messages/Messages.tsx;app/src/screens/messages/ThreadList.module.css;app/src/screens/messages/ThreadList.tsx,99.88,no,-,remedicion-16a-msg-replica-de-15,-,FALLA 2/4 (verde: C3;C4 / rojo: C1;C2). C5 lo da el PO
2026-09-04,MSG-01,MSG-01,deepseek-v4-flash,27579,8190,0.013676,2,0.7,app/src/screens/messages/Messages.module.css;app/src/screens/messages/Messages.tsx;app/src/screens/messages/ThreadList.module.css;app/src/screens/messages/ThreadList.tsx,78.90,no,-,remedicion-16a-msg-replica-de-15,-,PASA 4/4 (verde: C1;C2;C3;C4 / rojo: - / e2e con 8 excusado(s) por la tarea (F-134): verde a efectos del Coder; la suite NO estaba limpia). C5 lo da el PO
2026-09-04,MSG-01,MSG-01,deepseek-v4-flash,21787,47886,0.063526,1,5.8,app/src/screens/messages/Messages.module.css;app/src/screens/messages/Messages.tsx;app/src/screens/messages/ThreadList.module.css;app/src/screens/messages/ThreadList.tsx,99.88,no,-,remedicion-16b-msg-replica-de-15,-,PASA 4/4 (verde: C1;C2;C3;C4 / rojo: - / e2e con 8 excusado(s) por la tarea (F-134): verde a efectos del Coder; la suite NO estaba limpia). C5 lo da el PO
2026-09-04,MSG-01,MSG-01,deepseek-v4-flash,21787,48399,0.064203,1,5.9,app/src/screens/messages/Messages.module.css;app/src/screens/messages/Messages.tsx;app/src/screens/messages/ThreadList.module.css;app/src/screens/messages/ThreadList.tsx,99.88,no,-,remedicion-16c-msg-replica-de-15,-,FALLA 2/4 (verde: C3;C4 / rojo: C1;C2). C5 lo da el PO
2026-09-04,MSG-01,MSG-01,deepseek-v4-flash,28000,15296,0.023241,2,1.6,app/src/screens/messages/Messages.module.css;app/src/screens/messages/Messages.tsx;app/src/screens/messages/ThreadList.module.css;app/src/screens/messages/ThreadList.tsx,77.71,no,-,remedicion-16c-msg-replica-de-15,-,PASA 4/4 (verde: C1;C2;C3;C4 / rojo: - / e2e con 8 excusado(s) por la tarea (F-134): verde a efectos del Coder; la suite NO estaba limpia). C5 lo da el PO
2026-09-05,MSG-01,MSG-01,deepseek-v4-flash,22155,47532,0.071836,1,6.1,app/src/screens/messages/Messages.module.css;app/src/screens/messages/Messages.tsx;app/src/screens/messages/ThreadList.module.css;app/src/screens/messages/ThreadList.tsx,6.93,no,-,remedicion-17a-msg-n5,-,PASA 4/4 (verde: C1;C2;C3;C4 / rojo: - / e2e con 8 excusado(s) por la tarea (F-134): verde a efectos del Coder; la suite NO estaba limpia). C5 lo da el PO
2026-09-05,MSG-01,MSG-01,deepseek-v4-flash,22155,32706,0.043487,1,4.2,app/src/screens/messages/Messages.module.css;app/src/screens/messages/Messages.tsx;app/src/screens/messages/ThreadList.module.css;app/src/screens/messages/ThreadList.tsx,99.95,no,-,remedicion-17b-msg-n5,-,PASA 4/4 (verde: C1;C2;C3;C4 / rojo: - / e2e con 8 excusado(s) por la tarea (F-134): verde a efectos del Coder; la suite NO estaba limpia). C5 lo da el PO
2026-09-05,MSG-01,MSG-01,deepseek-v4-flash,22155,49660,0.065866,1,6.0,app/src/screens/messages/Messages.module.css;app/src/screens/messages/Messages.tsx;app/src/screens/messages/ThreadList.module.css;app/src/screens/messages/ThreadList.tsx,99.95,no,-,remedicion-17c-msg-n5,-,PASA 4/4 (verde: C1;C2;C3;C4 / rojo: - / e2e con 8 excusado(s) por la tarea (F-134): verde a efectos del Coder; la suite NO estaba limpia). C5 lo da el PO
2026-09-05,MSG-01,MSG-01,deepseek-v4-flash,22155,64102,0.084929,1,8.2,app/src/screens/messages/Messages.module.css;app/src/screens/messages/Messages.tsx;app/src/screens/messages/ThreadList.module.css;app/src/screens/messages/ThreadList.tsx,99.95,no,-,remedicion-17d-msg-n5,-,PASA 4/4 (verde: C1;C2;C3;C4 / rojo: - / e2e con 8 excusado(s) por la tarea (F-134): verde a efectos del Coder; la suite NO estaba limpia). C5 lo da el PO
2026-09-05,MSG-01,MSG-01,deepseek-v4-flash,22155,52819,0.070036,1,6.4,app/src/screens/messages/Messages.module.css;app/src/screens/messages/Messages.tsx;app/src/screens/messages/ThreadList.module.css;app/src/screens/messages/ThreadList.tsx,99.95,no,-,remedicion-17e-msg-n5,-,PASA 4/4 (verde: C1;C2;C3;C4 / rojo: - / e2e con 8 excusado(s) por la tarea (F-134): verde a efectos del Coder; la suite NO estaba limpia). C5 lo da el PO
2026-09-10,MSG-01,MSG-01,deepseek-v4-flash,22102,36290,0.057628,1,2.4,app/src/screens/messages/ThreadList.tsx,0.00,no,-,remedicion-18a-msg-n5,-,FALLA 2/4 (verde: C3;C4 / rojo: C1;C2). C5 lo da el PO
2026-09-10,MSG-01,MSG-01,deepseek-v4-flash,30856,7428,0.014003,2,0.4,app/src/screens/messages/ThreadList.tsx,71.35,no,-,remedicion-18a-msg-n5,-,FALLA 2/4 (verde: C3;C4 / rojo: C1;C2). C5 lo da el PO
2026-09-10,MSG-01,MSG-01,deepseek-v4-flash,30853,6972,0.013345,3,0.3,app/src/screens/messages/Messages.module.css;app/src/screens/messages/Messages.tsx;app/src/screens/messages/ThreadList.module.css;app/src/screens/messages/ThreadList.tsx,71.77,no,-,remedicion-18a-msg-n5,-,PASA 4/4 (verde: C1;C2;C3;C4 / rojo: - / e2e con 8 excusado(s) por la tarea (F-134): verde a efectos del Coder; la suite NO estaba limpia). C5 lo da el PO
2026-09-10,MSG-01,MSG-01,deepseek-v4-flash,22102,35629,0.047431,1,2.3,app/src/screens/messages/Messages.module.css;app/src/screens/messages/Messages.tsx;app/src/screens/messages/ThreadList.module.css;app/src/screens/messages/ThreadList.tsx,99.03,no,-,remedicion-18b-msg-n5,-,PASA 4/4 (verde: C1;C2;C3;C4 / rojo: - / e2e con 8 excusado(s) por la tarea (F-134): verde a efectos del Coder; la suite NO estaba limpia). C5 lo da el PO
2026-09-10,MSG-01,MSG-01,deepseek-v4-flash,22102,28121,0.037520,1,1.7,app/src/screens/messages/Messages.module.css;app/src/screens/messages/Messages.tsx;app/src/screens/messages/ThreadList.module.css;app/src/screens/messages/ThreadList.tsx,99.03,no,-,remedicion-18c-msg-n5,-,PASA 4/4 (verde: C1;C2;C3;C4 / rojo: - / e2e con 8 excusado(s) por la tarea (F-134): verde a efectos del Coder; la suite NO estaba limpia). C5 lo da el PO
2026-09-10,MSG-01,MSG-01,deepseek-v4-flash,22102,23944,0.032007,1,1.4,app/src/screens/messages/Messages.module.css;app/src/screens/messages/Messages.tsx;app/src/screens/messages/ThreadList.module.css;app/src/screens/messages/ThreadList.tsx,99.03,no,-,remedicion-18d-msg-n5,-,PASA 4/4 (verde: C1;C2;C3;C4 / rojo: - / e2e con 8 excusado(s) por la tarea (F-134): verde a efectos del Coder; la suite NO estaba limpia). C5 lo da el PO
2026-09-10,MSG-01,MSG-01,deepseek-v4-flash,22102,25067,0.033489,1,1.5,app/src/screens/messages/Messages.module.css;app/src/screens/messages/Messages.tsx;app/src/screens/messages/ThreadList.module.css;app/src/screens/messages/ThreadList.tsx,99.03,no,-,remedicion-18e-msg-n5,-,PASA 4/4 (verde: C1;C2;C3;C4 / rojo: - / e2e con 8 excusado(s) por la tarea (F-134): verde a efectos del Coder; la suite NO estaba limpia). C5 lo da el PO
2026-09-13,DIR-01,DIR-01,deepseek-v4-flash,25464,24066,0.042971,1,1.4,app/src/screens/directory/Directory.module.css;app/src/screens/directory/Directory.tsx;app/src/screens/directory/DirectoryTable.module.css;app/src/screens/directory/DirectoryTable.tsx,0.00,no,-,-,-,FALLA 2/4 (verde: C3;C4 / rojo: C1;C2). C1 rojo por RequestDetailPanel.tsx/RequestsTable.tsx de ADMIN-01 -aun sin generar- no por el artefacto de DIR-01; ver F-161
2026-09-13,DIR-01,DIR-01,deepseek-v4-flash,32104,6217,0.011536,2,0.3,app/src/screens/directory/Directory.module.css;app/src/screens/directory/Directory.tsx;app/src/screens/directory/DirectoryTable.module.css;app/src/screens/directory/DirectoryTable.tsx,78.94,no,-,-,-,FALLA 2/4 (verde: C3;C4 / rojo: C1;C2). Mismo patron que el intento 1; ver F-161
2026-09-13,DIR-01,DIR-01,deepseek-v4-flash,31622,13673,0.020402,3,0.8,app/src/screens/directory/Directory.module.css;app/src/screens/directory/Directory.tsx;app/src/screens/directory/DirectoryTable.module.css;app/src/screens/directory/DirectoryTable.tsx,85.81,si,-,-,-,ESCALADO 2/4 (verde: C3;C4 / rojo: C1;C2). NO cuenta para la cifra 2 del umbral (UMBRAL-FABRICA-V1.md §5.3): veredicto no depende del artefacto de DIR-01. Repetir entera tras la corrida de ADMIN-01; ver F-161
2026-09-13,ADMIN-01,ADMIN-01,deepseek-v4-flash,26507,37545,0.061222,1,2.2,app/src/screens/admin/AdminRequests.module.css;app/src/screens/admin/AdminRequests.tsx;app/src/screens/admin/RequestDetailPanel.module.css;app/src/screens/admin/RequestDetailPanel.tsx;app/src/screens/admin/RequestsTable.module.css;app/src/screens/admin/RequestsTable.tsx,0.00,no,-,-,-,FALLA 2/4 (verde: C3;C4 / rojo: C1;C2). Tres bugs en RequestDetailPanel.test.tsx mas contagio de Forum.test.tsx (FORO-01); artefacto correcto. Ver F-162
2026-09-13,ADMIN-01,ADMIN-01,deepseek-v4-flash,37669,39989,0.058182,2,2.6,app/src/screens/admin/AdminRequests.module.css;app/src/screens/admin/AdminRequests.tsx;app/src/screens/admin/RequestDetailPanel.module.css;app/src/screens/admin/RequestDetailPanel.tsx;app/src/screens/admin/RequestsTable.module.css;app/src/screens/admin/RequestsTable.tsx,69.66,no,-,-,-,FALLA 2/4 (verde: C3;C4 / rojo: C1;C2). Mismo patron que el intento 1; ver F-162
2026-09-13,ADMIN-01,ADMIN-01,deepseek-v4-flash,73686,104618,0.143035,3,7.4,app/src/screens/admin/AdminRequests.module.css;app/src/screens/admin/AdminRequests.tsx;app/src/screens/admin/RequestDetailPanel.module.css;app/src/screens/admin/RequestDetailPanel.tsx;app/src/screens/admin/RequestsTable.module.css;app/src/screens/admin/RequestsTable.tsx,87.55,si,-,-,-,ESCALADO 2/4 (verde: C3;C4 / rojo: C1;C2). NO cuenta para la cifra 2 del umbral (UMBRAL-FABRICA-V1.md §5.3): veredicto no depende del artefacto de ADMIN-01. Repetir entera tras la corrida de FORO-01; ver F-162
2026-09-13,FORO-01,FORO-01,deepseek-v4-flash,21456,20216,0.036126,1,1.3,app/src/screens/forum/Forum.module.css;app/src/screens/forum/Forum.tsx,0.00,no,-,-,-,FALLA 2/4 (verde: C3;C4 / rojo: C1;C2). C5 lo da el PO
2026-09-13,FORO-01,FORO-01,deepseek-v4-flash,25798,47772,0.065304,2,3.5,app/src/screens/forum/Forum.module.css;app/src/screens/forum/Forum.tsx,82.86,no,-,-,no,PASA 4/4 (verde: C1;C2;C3;C4 / rojo: -). C5 lo da el PO
2026-09-14,DIR-01,DIR-01,deepseek-v4-flash,25464,23881,0.031985,1,1.5,app/src/screens/directory/Directory.module.css;app/src/screens/directory/Directory.tsx;app/src/screens/directory/DirectoryTable.module.css;app/src/screens/directory/DirectoryTable.tsx,99.03,no,-,-,-,FALLA 2/4 (verde: C3;C4 / rojo: C1;C2). C5 lo da el PO
2026-09-14,DIR-01,DIR-01,deepseek-v4-flash,33164,6816,0.012793,2,0.3,app/src/screens/directory/Directory.module.css;app/src/screens/directory/Directory.tsx;app/src/screens/directory/DirectoryTable.module.css;app/src/screens/directory/DirectoryTable.tsx,76.42,no,-,-,no,PASA 4/4 (verde: C1;C2;C3;C4 / rojo: -). C5 lo da el PO
2026-09-14,ADMIN-01,ADMIN-01,deepseek-v4-flash,26507,26298,0.035144,1,1.4,app/src/screens/admin/AdminRequests.module.css;app/src/screens/admin/AdminRequests.tsx;app/src/screens/admin/RequestDetailPanel.module.css;app/src/screens/admin/RequestDetailPanel.tsx;app/src/screens/admin/RequestsTable.module.css;app/src/screens/admin/RequestsTable.tsx,99.48,no,-,-,-,FALLA 2/4 (verde: C3;C4 / rojo: C1;C2). C5 lo da el PO
2026-09-14,ADMIN-01,ADMIN-01,deepseek-v4-flash,37444,10844,0.019557,2,0.5,app/src/screens/admin/AdminRequests.module.css;app/src/screens/admin/AdminRequests.tsx;app/src/screens/admin/RequestDetailPanel.module.css;app/src/screens/admin/RequestDetailPanel.tsx;app/src/screens/admin/RequestsTable.module.css;app/src/screens/admin/RequestsTable.tsx,70.42,no,-,-,no,PASA 4/4 (verde: C1;C2;C3;C4 / rojo: -). C5 lo da el PO
2026-09-17,FORO-02,FORO-02,deepseek-v4-flash,24379,20145,0.037318,1,1.2,app/src/screens/forum/ForumCategory.module.css;app/src/screens/forum/ForumCategory.tsx,0.00,no,-,-,si,PASA 4/4 (verde: C1;C2;C3;C4 / rojo: -). C5 lo da el PO
2026-09-18,FORO-03,FORO-03,deepseek-v4-flash,29315,25689,0.046808,1,1.5,app/src/screens/forum/ForumThread.module.css;app/src/screens/forum/ForumThread.tsx,0.00,no,-,-,-,FALLA 2/4 (verde: C3;C4 / rojo: C1;C2). C5 lo da el PO
2026-09-18,FORO-03,FORO-03,deepseek-v4-flash,36141,12790,0.020407,2,0.7,app/src/screens/forum/ForumThread.module.css;app/src/screens/forum/ForumThread.tsx,80.40,no,-,-,-,FALLA 2/4 (verde: C3;C4 / rojo: C1;C2). C5 lo da el PO
2026-09-18,FORO-03,FORO-03,deepseek-v4-flash,36526,56067,0.075903,3,3.7,app/src/screens/forum/ForumThread.module.css;app/src/screens/forum/ForumThread.tsx,91.11,si,-,-,-,ESCALADO 2/4 (verde: C3;C4 / rojo: C1;C2). C5 lo da el PO
2026-09-20,ADMIN-02,ADMIN-02,deepseek-v4-flash,29491,38352,0.063601,1,2.1,app/src/screens/admin/AdminBilling.module.css;app/src/screens/admin/AdminBilling.tsx;app/src/screens/admin/BillingDetailPanel.module.css;app/src/screens/admin/BillingDetailPanel.tsx;app/src/screens/admin/BillingTable.module.css;app/src/screens/admin/BillingTable.tsx;app/src/screens/admin/PaymentModal.module.css;app/src/screens/admin/PaymentModal.tsx,0.00,no,-,brazo-deepseek,-,FALLA 3/4 (verde: C1;C3;C4 / rojo: C2). C5 lo da el PO
2026-09-20,ADMIN-02,ADMIN-02,deepseek-v4-flash,42738,58733,0.083791,2,3.9,app/src/screens/admin/AdminBilling.module.css;app/src/screens/admin/AdminBilling.tsx;app/src/screens/admin/BillingDetailPanel.module.css;app/src/screens/admin/BillingDetailPanel.tsx;app/src/screens/admin/BillingTable.module.css;app/src/screens/admin/BillingTable.tsx;app/src/screens/admin/PaymentModal.module.css;app/src/screens/admin/PaymentModal.tsx,68.88,no,-,brazo-deepseek,-,FALLA 3/4 (verde: C1;C3;C4 / rojo: C2). C5 lo da el PO
2026-09-20,ADMIN-02,ADMIN-02,deepseek-v4-flash,42813,63832,0.089191,3,4.1,app/src/screens/admin/AdminBilling.module.css;app/src/screens/admin/AdminBilling.tsx;app/src/screens/admin/BillingDetailPanel.module.css;app/src/screens/admin/BillingDetailPanel.tsx;app/src/screens/admin/BillingTable.module.css;app/src/screens/admin/BillingTable.tsx;app/src/screens/admin/PaymentModal.module.css;app/src/screens/admin/PaymentModal.tsx,76.24,si,-,brazo-deepseek,-,ESCALADO 3/4 (verde: C1;C3;C4 / rojo: C2). C5 lo da el PO
2026-09-24,SRCH-03,SRCH-03,deepseek-v4-flash,29570,33183,0.056812,1,1.8,app/src/screens/search/DeleteWatcherModal.module.css;app/src/screens/search/DeleteWatcherModal.tsx;app/src/screens/search/WatcherCard.module.css;app/src/screens/search/WatcherCard.tsx;app/src/screens/search/WatcherEditForm.module.css;app/src/screens/search/WatcherEditForm.tsx;app/src/screens/search/Watchers.module.css;app/src/screens/search/Watchers.tsx,0.00,no,-,-,-,FALLA 3/4 (verde: C1;C3;C4 / rojo: C2). C5 lo da el PO
2026-09-24,SRCH-03,SRCH-03,deepseek-v4-flash,40323,24173,0.037164,2,1.6,app/src/screens/search/DeleteWatcherModal.module.css;app/src/screens/search/DeleteWatcherModal.tsx;app/src/screens/search/WatcherCard.module.css;app/src/screens/search/WatcherCard.tsx;app/src/screens/search/WatcherEditForm.module.css;app/src/screens/search/WatcherEditForm.tsx;app/src/screens/search/Watchers.module.css;app/src/screens/search/Watchers.tsx,72.69,no,-,-,-,FALLA 3/4 (verde: C1;C3;C4 / rojo: C2). C5 lo da el PO
2026-09-24,SRCH-03,SRCH-03,deepseek-v4-flash,40522,25547,0.038683,3,1.6,app/src/screens/search/DeleteWatcherModal.module.css;app/src/screens/search/DeleteWatcherModal.tsx;app/src/screens/search/WatcherCard.module.css;app/src/screens/search/WatcherCard.tsx;app/src/screens/search/WatcherEditForm.module.css;app/src/screens/search/WatcherEditForm.tsx;app/src/screens/search/Watchers.module.css;app/src/screens/search/Watchers.tsx,74.55,si,-,-,-,ESCALADO 3/4 (verde: C1;C3;C4 / rojo: C2). C5 lo da el PO
2026-09-24,SRCH-03,SRCH-03,deepseek-v4-flash,29570,34418,0.045903,1,1.9,app/src/screens/search/DeleteWatcherModal.module.css;app/src/screens/search/DeleteWatcherModal.tsx;app/src/screens/search/WatcherCard.module.css;app/src/screens/search/WatcherCard.tsx;app/src/screens/search/WatcherEditForm.module.css;app/src/screens/search/WatcherEditForm.tsx;app/src/screens/search/Watchers.module.css;app/src/screens/search/Watchers.tsx,99.55,no,-,corrida-02,-,FALLA 2/4 (verde: C3;C4 / rojo: C1;C2). C5 lo da el PO
2026-09-24,SRCH-03,SRCH-03,deepseek-v4-flash,41326,12088,0.021598,2,0.5,app/src/screens/search/DeleteWatcherModal.module.css;app/src/screens/search/DeleteWatcherModal.tsx;app/src/screens/search/WatcherCard.module.css;app/src/screens/search/WatcherCard.tsx;app/src/screens/search/WatcherEditForm.module.css;app/src/screens/search/WatcherEditForm.tsx;app/src/screens/search/Watchers.module.css;app/src/screens/search/Watchers.tsx,71.24,no,-,corrida-02,-,FALLA 3/4 (verde: C1;C3;C4 / rojo: C2). C5 lo da el PO
2026-09-24,SRCH-03,SRCH-03,deepseek-v4-flash,41273,21113,0.032179,3,1.1,app/src/screens/search/DeleteWatcherModal.module.css;app/src/screens/search/DeleteWatcherModal.tsx;app/src/screens/search/WatcherCard.module.css;app/src/screens/search/WatcherCard.tsx;app/src/screens/search/WatcherEditForm.module.css;app/src/screens/search/WatcherEditForm.tsx;app/src/screens/search/Watchers.module.css;app/src/screens/search/Watchers.tsx,78.77,si,-,corrida-02,-,ESCALADO 3/4 (verde: C1;C3;C4 / rojo: C2). C5 lo da el PO
2026-09-24,SRCH-03,SRCH-03,deepseek-v4-flash,29570,48606,0.064631,1,2.8,app/src/screens/search/DeleteWatcherModal.module.css;app/src/screens/search/DeleteWatcherModal.tsx;app/src/screens/search/WatcherCard.module.css;app/src/screens/search/WatcherCard.tsx;app/src/screens/search/WatcherEditForm.module.css;app/src/screens/search/WatcherEditForm.tsx;app/src/screens/search/Watchers.module.css;app/src/screens/search/Watchers.tsx,99.55,no,-,corrida-03,-,FALLA 2/4 (verde: C3;C4 / rojo: C1;C2). C5 lo da el PO
2026-09-24,SRCH-03,SRCH-03,deepseek-v4-flash,40550,11478,0.020506,2,0.5,app/src/screens/search/DeleteWatcherModal.module.css;app/src/screens/search/DeleteWatcherModal.tsx;app/src/screens/search/WatcherCard.module.css;app/src/screens/search/WatcherCard.tsx;app/src/screens/search/WatcherEditForm.module.css;app/src/screens/search/WatcherEditForm.tsx;app/src/screens/search/Watchers.module.css;app/src/screens/search/Watchers.tsx,72.29,no,-,corrida-03,no,PASA 4/4 (verde: C1;C2;C3;C4 / rojo: -). C5 lo da el PO
2026-09-24,INV-07,INV-07,deepseek-v4-flash,26698,28530,0.049407,1,1.7,app/src/screens/inventory/ExclusionPanel.module.css;app/src/screens/inventory/ExclusionPanel.tsx;app/src/screens/inventory/Visibility.module.css;app/src/screens/inventory/Visibility.tsx,0.00,no,-,corrida-01,-,FALLA 2/4 (verde: C3;C4 / rojo: C1;C2). C5 lo da el PO
2026-09-24,INV-07,INV-07,deepseek-v4-flash,69804,95168,0.130217,2,6.7,app/src/screens/inventory/ExclusionPanel.module.css;app/src/screens/inventory/ExclusionPanel.tsx;app/src/screens/inventory/Visibility.module.css;app/src/screens/inventory/Visibility.tsx,87.83,no,-,corrida-01,-,FALLA 2/4 (verde: C3;C4 / rojo: C1;C2). C5 lo da el PO
2026-09-24,INV-07,INV-07,deepseek-v4-flash,34786,56783,0.078918,3,3.9,app/src/screens/inventory/ExclusionPanel.module.css;app/src/screens/inventory/ExclusionPanel.tsx;app/src/screens/inventory/Visibility.module.css;app/src/screens/inventory/Visibility.tsx,76.54,si,-,corrida-01,-,ESCALADO 2/4 (verde: C3;C4 / rojo: C1;C2). C5 lo da el PO
2026-09-24,INV-07,INV-07,deepseek-v4-flash,26698,25401,0.033989,1,1.4,app/src/screens/inventory/ExclusionPanel.module.css;app/src/screens/inventory/ExclusionPanel.tsx;app/src/screens/inventory/Visibility.module.css;app/src/screens/inventory/Visibility.tsx,99.24,no,-,corrida-02,-,FALLA 3/4 (verde: C1;C3;C4 / rojo: C2). C5 lo da el PO
2026-09-24,INV-07,INV-07,deepseek-v4-flash,35023,24562,0.036490,2,1.5,app/src/screens/inventory/ExclusionPanel.module.css;app/src/screens/inventory/ExclusionPanel.tsx;app/src/screens/inventory/Visibility.module.css;app/src/screens/inventory/Visibility.tsx,76.02,no,-,corrida-02,-,FALLA 3/4 (verde: C1;C3;C4 / rojo: C2). C5 lo da el PO
2026-09-24,INV-07,INV-07,deepseek-v4-flash,35058,7740,0.014300,3,0.3,app/src/screens/inventory/ExclusionPanel.module.css;app/src/screens/inventory/ExclusionPanel.tsx;app/src/screens/inventory/Visibility.module.css;app/src/screens/inventory/Visibility.tsx,75.94,si,-,corrida-02,-,ESCALADO 3/4 (verde: C1;C3;C4 / rojo: C2). C5 lo da el PO
2026-09-24,INV-07,INV-07,deepseek-v4-flash,26698,41066,0.054667,1,2.3,app/src/screens/inventory/ExclusionPanel.module.css;app/src/screens/inventory/ExclusionPanel.tsx;app/src/screens/inventory/Visibility.module.css;app/src/screens/inventory/Visibility.tsx,99.24,no,-,corrida-03,-,FALLA 3/4 (verde: C1;C3;C4 / rojo: C2). C5 lo da el PO
2026-09-24,INV-07,INV-07,deepseek-v4-flash,70722,92111,0.126367,2,6.4,app/src/screens/inventory/ExclusionPanel.module.css;app/src/screens/inventory/ExclusionPanel.tsx;app/src/screens/inventory/Visibility.module.css;app/src/screens/inventory/Visibility.tsx,87.42,no,-,corrida-03,-,FALLA 3/4 (verde: C1;C3;C4 / rojo: C2). C5 lo da el PO
2026-09-24,INV-07,INV-07,deepseek-v4-flash,35888,14529,0.021555,3,0.8,app/src/screens/inventory/ExclusionPanel.module.css;app/src/screens/inventory/ExclusionPanel.tsx;app/src/screens/inventory/Visibility.module.css;app/src/screens/inventory/Visibility.tsx,87.74,si,-,corrida-03,-,ESCALADO 2/4 (verde: C3;C4 / rojo: C1;C2). C5 lo da el PO
2026-09-24,INV-07,INV-07,deepseek-v4-flash,26698,28690,0.038331,1,1.6,app/src/screens/inventory/ExclusionPanel.module.css;app/src/screens/inventory/ExclusionPanel.tsx;app/src/screens/inventory/Visibility.module.css;app/src/screens/inventory/Visibility.tsx,99.24,no,-,corrida-04,-,FALLA 3/4 (verde: C1;C3;C4 / rojo: C2). C5 lo da el PO
2026-09-24,INV-07,INV-07,deepseek-v4-flash,35021,25572,0.037822,2,1.6,app/src/screens/inventory/ExclusionPanel.module.css;app/src/screens/inventory/ExclusionPanel.tsx;app/src/screens/inventory/Visibility.module.css;app/src/screens/inventory/Visibility.tsx,76.02,no,-,corrida-04,no,PASA 4/4 (verde: C1;C2;C3;C4 / rojo: -). C5 lo da el PO
2026-09-24,SRCH-02,SRCH-02,deepseek-v4-flash,30136,22858,0.043432,1,1.3,app/src/screens/search/BatchCard.module.css;app/src/screens/search/BatchCard.tsx;app/src/screens/search/BatchSearch.module.css;app/src/screens/search/BatchSearch.tsx,0.00,no,-,corrida-01,si,PASA 4/4 (verde: C1;C2;C3;C4 / rojo: -). C5 lo da el PO
2026-09-25,DIR-02,DIR-02,deepseek-v4-flash,22472,16383,0.031513,1,0.9,app/src/screens/directory/OrganizationProfile.module.css;app/src/screens/directory/OrganizationProfile.tsx,0.00,no,-,corrida-01,si,PASA 4/4 (verde: C1;C2;C3;C4 / rojo: -). C5 lo da el PO
2026-09-25,INVT-01,INVT-01,deepseek-v4-flash,28047,35017,0.046676,1,1.9,app/src/screens/onboarding/InvitationTables.module.css;app/src/screens/onboarding/InvitationTables.tsx;app/src/screens/onboarding/Invitations.module.css;app/src/screens/onboarding/Invitations.tsx;app/src/screens/onboarding/RemoveMemberDialog.module.css;app/src/screens/onboarding/RemoveMemberDialog.tsx,99.49,no,-,corrida-02,-,FALLA 2/4 (verde: C3;C4 / rojo: C1;C2). C5 lo da el PO
2026-09-25,INVT-01,INVT-01,deepseek-v4-flash,37869,11867,0.020494,2,0.6,app/src/screens/onboarding/InvitationTables.module.css;app/src/screens/onboarding/InvitationTables.tsx;app/src/screens/onboarding/Invitations.module.css;app/src/screens/onboarding/Invitations.tsx;app/src/screens/onboarding/RemoveMemberDialog.module.css;app/src/screens/onboarding/RemoveMemberDialog.tsx,73.35,no,-,corrida-02,-,FALLA 3/4 (verde: C1;C3;C4 / rojo: C2). C5 lo da el PO
2026-09-25,INVT-01,INVT-01,deepseek-v4-flash,37733,10684,0.018273,3,0.5,app/src/screens/onboarding/InvitationTables.module.css;app/src/screens/onboarding/InvitationTables.tsx;app/src/screens/onboarding/Invitations.module.css;app/src/screens/onboarding/Invitations.tsx;app/src/screens/onboarding/RemoveMemberDialog.module.css;app/src/screens/onboarding/RemoveMemberDialog.tsx,77.34,si,-,corrida-02,-,ESCALADO 2/4 (verde: C3;C4 / rojo: C1;C2). C5 lo da el PO
2026-09-25,INVT-01,INVT-01,deepseek-v4-flash,28047,36597,0.048762,1,2.0,-,99.49,no,C0,corrida-03,-,FALLA 0/1 (verde: - / rojo: - / INEJECUTABLE: C0). C5 lo da el PO
2026-09-25,INVT-01,INVT-01,deepseek-v4-flash,28151,30432,0.040670,2,1.6,app/src/screens/onboarding/InvitationTables.module.css;app/src/screens/onboarding/InvitationTables.tsx;app/src/screens/onboarding/Invitations.module.css;app/src/screens/onboarding/Invitations.tsx;app/src/screens/onboarding/RemoveMemberDialog.module.css;app/src/screens/onboarding/RemoveMemberDialog.tsx,99.12,no,-,corrida-03,no,PASA 4/4 (verde: C1;C2;C3;C4 / rojo: -). C5 lo da el PO
